-- --------------------------------------------------------
-- Host:                         127.0.0.1
-- Versión del servidor:         10.6.4-MariaDB - mariadb.org binary distribution
-- SO del servidor:              Win64
-- HeidiSQL Versión:             11.3.0.6295
-- --------------------------------------------------------

/*!40101 SET @OLD_CHARACTER_SET_CLIENT=@@CHARACTER_SET_CLIENT */;
/*!40101 SET NAMES utf8 */;
/*!50503 SET NAMES utf8mb4 */;
/*!40014 SET @OLD_FOREIGN_KEY_CHECKS=@@FOREIGN_KEY_CHECKS, FOREIGN_KEY_CHECKS=0 */;
/*!40101 SET @OLD_SQL_MODE=@@SQL_MODE, SQL_MODE='NO_AUTO_VALUE_ON_ZERO' */;
/*!40111 SET @OLD_SQL_NOTES=@@SQL_NOTES, SQL_NOTES=0 */;


-- Volcando estructura de base de datos para goecosystem
CREATE DATABASE IF NOT EXISTS `goecosystem` /*!40100 DEFAULT CHARACTER SET utf8mb3 */;
USE `goecosystem`;

-- Volcando estructura para tabla goecosystem.eps
CREATE TABLE IF NOT EXISTS `eps` (
  `eps_codigo` varchar(10) NOT NULL,
  `eps_nombre` varchar(100) NOT NULL,
  `activo` tinyint(1) NOT NULL DEFAULT 1,
  PRIMARY KEY (`eps_codigo`),
  UNIQUE KEY `uq_eps_nombre` (`eps_nombre`)
) ENGINE=InnoDB DEFAULT CHARSET=utf8mb3;

-- Volcando datos para la tabla goecosystem.eps: ~10 rows (aproximadamente)
/*!40000 ALTER TABLE `eps` DISABLE KEYS */;
INSERT INTO `eps` (`eps_codigo`, `eps_nombre`, `activo`) VALUES
	('EPS001', 'SURA EPS', 1),
	('EPS002', 'Nueva EPS', 1),
	('EPS003', 'Sanitas EPS', 1),
	('EPS004', 'Salud Total', 1),
	('EPS005', 'Coosalud', 1),
	('EPS006', 'Emssanar', 1),
	('EPS007', 'Compensar EPS', 1),
	('EPS008', 'Famisanar', 1),
	('EPS009', 'SOS EPS', 1),
	('EPS010', 'Asmet Salud', 1);
/*!40000 ALTER TABLE `eps` ENABLE KEYS */;

-- Volcando estructura para tabla goecosystem.estados
CREATE TABLE IF NOT EXISTS `estados` (
  `nombre` varchar(20) NOT NULL,
  `activo` tinyint(1) NOT NULL DEFAULT 1,
  PRIMARY KEY (`nombre`)
) ENGINE=InnoDB DEFAULT CHARSET=utf8mb3;

-- Volcando datos para la tabla goecosystem.estados: ~3 rows (aproximadamente)
/*!40000 ALTER TABLE `estados` DISABLE KEYS */;
INSERT INTO `estados` (`nombre`, `activo`) VALUES
	('Atendido', 1),
	('En atención', 1),
	('Pendiente', 1);
/*!40000 ALTER TABLE `estados` ENABLE KEYS */;

-- Volcando estructura para tabla goecosystem.generos
CREATE TABLE IF NOT EXISTS `generos` (
  `nombre` varchar(30) NOT NULL,
  `activo` tinyint(1) NOT NULL DEFAULT 1,
  PRIMARY KEY (`nombre`)
) ENGINE=InnoDB DEFAULT CHARSET=utf8mb3;

-- Volcando datos para la tabla goecosystem.generos: ~4 rows (aproximadamente)
/*!40000 ALTER TABLE `generos` DISABLE KEYS */;
INSERT INTO `generos` (`nombre`, `activo`) VALUES
	('Femenino', 1),
	('Masculino', 1),
	('Otro', 1),
	('Prefiere no informar', 1);
/*!40000 ALTER TABLE `generos` ENABLE KEYS */;

-- Volcando estructura para tabla goecosystem.pacientes
CREATE TABLE IF NOT EXISTS `pacientes` (
  `paciente_id` bigint(20) unsigned NOT NULL AUTO_INCREMENT,
  `tipo_documento` varchar(3) NOT NULL,
  `documento` varchar(20) NOT NULL,
  `nombre_completo` varchar(150) NOT NULL,
  `fecha_nacimiento` date NOT NULL,
  `genero` varchar(30) NOT NULL,
  `telefono` varchar(20) NOT NULL,
  `correo` varchar(150) DEFAULT NULL,
  `eps_codigo` varchar(10) NOT NULL,
  `ciudad` varchar(80) DEFAULT NULL,
  `prioridad` varchar(10) NOT NULL,
  `estado` varchar(20) NOT NULL,
  `fecha_creacion` timestamp NOT NULL DEFAULT current_timestamp() ON UPDATE current_timestamp(),
  `fecha_actualizacion` timestamp NOT NULL DEFAULT '0000-00-00 00:00:00',
  PRIMARY KEY (`paciente_id`),
  UNIQUE KEY `uq_pacientes_documento` (`documento`),
  KEY `fk_pacientes_tipo_documento` (`tipo_documento`),
  KEY `fk_pacientes_genero` (`genero`),
  KEY `fk_pacientes_eps` (`eps_codigo`),
  KEY `fk_pacientes_prioridad` (`prioridad`),
  KEY `fk_pacientes_estado` (`estado`),
  CONSTRAINT `fk_pacientes_eps` FOREIGN KEY (`eps_codigo`) REFERENCES `eps` (`eps_codigo`) ON UPDATE CASCADE,
  CONSTRAINT `fk_pacientes_estado` FOREIGN KEY (`estado`) REFERENCES `estados` (`nombre`) ON UPDATE CASCADE,
  CONSTRAINT `fk_pacientes_genero` FOREIGN KEY (`genero`) REFERENCES `generos` (`nombre`) ON UPDATE CASCADE,
  CONSTRAINT `fk_pacientes_prioridad` FOREIGN KEY (`prioridad`) REFERENCES `prioridades` (`nombre`) ON UPDATE CASCADE,
  CONSTRAINT `fk_pacientes_tipo_documento` FOREIGN KEY (`tipo_documento`) REFERENCES `tipos_documento` (`codigo`) ON UPDATE CASCADE,
  CONSTRAINT `chk_pacientes_documento` CHECK (char_length(trim(`documento`)) between 3 and 20),
  CONSTRAINT `chk_pacientes_nombre` CHECK (char_length(trim(`nombre_completo`)) between 3 and 150),
  CONSTRAINT `chk_pacientes_telefono` CHECK (char_length(trim(`telefono`)) between 7 and 20),
  CONSTRAINT `chk_pacientes_correo` CHECK (`correo` is null or `correo` like '%_@_%._%')
) ENGINE=InnoDB AUTO_INCREMENT=1002 DEFAULT CHARSET=utf8mb3;

-- Volcando datos para la tabla goecosystem.pacientes: ~1.001 rows (aproximadamente)
/*!40000 ALTER TABLE `pacientes` DISABLE KEYS */;
INSERT INTO `pacientes` (`paciente_id`, `tipo_documento`, `documento`, `nombre_completo`, `fecha_nacimiento`, `genero`, `telefono`, `correo`, `eps_codigo`, `ciudad`, `prioridad`, `estado`, `fecha_creacion`, `fecha_actualizacion`) VALUES
	(1, 'CE', '752937642', 'Mateo Castro Pérez', '1965-06-03', 'Masculino', '3048577833', 'mateo.castro1@example.test', 'EPS007', 'Buga', 'Media', 'Atendido', '2026-04-15 13:26:00', '2026-06-07 18:37:00'),
	(2, 'CC', '339402725', 'Catalina Sara Vargas Restrepo', '1946-09-06', 'Femenino', '3142433976', 'catalina.vargas2@example.test', 'EPS008', 'Tuluá', 'Baja', 'En atención', '2026-06-14 07:34:00', '2026-06-26 03:41:00'),
	(3, 'CE', '11928630', 'Alejandra Laura Rodríguez Cárdenas', '1999-05-25', 'Femenino', '3121602891', 'alejandra.rodriguez3@example.test', 'EPS008', 'Tuluá', 'Media', 'Atendido', '2026-04-23 03:32:00', '2026-06-15 18:34:00'),
	(4, 'CC', '822671032', 'José Díaz Silva', '1994-09-17', 'Masculino', '3143218115', 'jose.diaz4@example.test', 'EPS006', 'Jamundí', 'Media', 'Atendido', '2026-07-08 19:12:00', '2026-07-10 03:54:00'),
	(5, 'CC', '459084469', 'Valentina Romero Torres', '2002-12-12', 'Femenino', '3014526137', 'valentina.romero5@example.test', 'EPS006', 'Yumbo', 'Baja', 'Atendido', '2026-05-29 03:41:00', '2026-06-19 00:15:00'),
	(6, 'CC', '540533028', 'David González Díaz', '1991-04-28', 'Masculino', '3182027380', 'david.gonzalez6@example.test', 'EPS004', 'Cartago', 'Alta', 'Atendido', '2026-05-23 18:26:00', '2026-07-01 00:22:00'),
	(7, 'CC', '935413704', 'Santiago Álvarez Quintero', '1987-02-27', 'Masculino', '3179333453', 'santiago.alvarez7@example.test', 'EPS001', 'Buga', 'Media', 'Pendiente', '2026-05-08 23:07:00', '2026-06-19 11:24:00'),
	(8, 'CC', '629883598', 'Nicolás Silva Moreno', '1995-06-11', 'Masculino', '3187772855', 'nicolas.silva8@example.test', 'EPS003', 'Cartago', 'Baja', 'En atención', '2026-06-01 20:32:00', '2026-06-14 06:57:00'),
	(9, 'CC', '758922771', 'Diana Valencia Romero', '1943-07-21', 'Femenino', '3113014949', 'diana.valencia9@example.test', 'EPS008', 'Cartago', 'Media', 'En atención', '2026-05-17 20:17:00', '2026-06-08 02:37:00'),
	(10, 'CC', '383728718', 'Carolina Díaz Hernández', '1984-07-02', 'Femenino', '3213902718', 'carolina.diaz10@example.test', 'EPS008', 'Tuluá', 'Media', 'Pendiente', '2026-04-07 08:48:00', '2026-05-10 20:17:00'),
	(11, 'CC', '671778184', 'Daniela Carolina Valencia Jiménez', '1991-08-23', 'Femenino', '3209043868', 'daniela.valencia11@example.test', 'EPS008', 'Palmira', 'Baja', 'En atención', '2026-05-27 20:43:00', '2026-07-04 09:51:00'),
	(12, 'CC', '425777316', 'Ana Díaz Giraldo', '1989-08-03', 'Femenino', '3054206740', 'ana.diaz12@example.test', 'EPS001', 'Cali', 'Baja', 'Atendido', '2026-03-14 07:14:00', '2026-04-26 22:58:00'),
	(13, 'CC', '101802147', 'Camila Muñoz Álvarez', '1953-02-21', 'Femenino', '3139180840', 'camila.munoz13@example.test', 'EPS003', 'Tuluá', 'Baja', 'Atendido', '2026-07-02 06:09:00', '2026-07-08 18:17:00'),
	(14, 'CC', '1166238410', 'Sebastián González Romero', '1978-04-15', 'Masculino', '3178120360', 'sebastian.gonzalez14@example.test', 'EPS008', 'Yumbo', 'Baja', 'Pendiente', '2026-03-25 06:17:00', '2026-05-07 21:13:00'),
	(15, 'CC', '886818391', 'Juan Castaño Castro', '1980-05-18', 'Masculino', '3197367807', 'juan.castano15@example.test', 'EPS009', 'Palmira', 'Media', 'Pendiente', '2026-04-02 07:48:00', '2026-05-15 13:19:00'),
	(16, 'CC', '1034275583', 'Juliana Ospina Restrepo', '1986-04-30', 'Femenino', '3146703214', 'juliana.ospina16@example.test', 'EPS008', 'Cali', 'Media', 'Pendiente', '2026-05-22 07:27:00', '2026-05-27 16:21:00'),
	(17, 'CC', '548746391', 'Sebastián Valencia Muñoz', '1964-06-20', 'Masculino', '3173537913', 'sebastian.valencia17@example.test', 'EPS010', 'Cartago', 'Baja', 'Pendiente', '2026-04-07 13:53:00', '2026-04-24 23:35:00'),
	(18, 'CC', '1051965489', 'Mateo Romero Álvarez', '2007-12-02', 'Prefiere no informar', '3011045338', 'mateo.romero18@example.test', 'EPS009', 'Palmira', 'Alta', 'Atendido', '2026-06-05 22:03:00', '2026-07-07 06:12:00'),
	(19, 'CE', '670949212', 'Isabella Manuela Rodríguez Moreno', '1990-04-29', 'Femenino', '3041614457', 'isabella.rodriguez19@example.test', 'EPS002', 'Buga', 'Media', 'Atendido', '2026-05-21 20:21:00', '2026-06-18 12:10:00'),
	(20, 'CC', '885412415', 'Daniel Pérez Valencia', '1965-10-20', 'Masculino', '3012534552', 'daniel.perez20@example.test', 'EPS003', 'Cali', 'Media', 'Atendido', '2026-04-15 20:13:00', '2026-05-26 10:57:00'),
	(21, 'CC', '893021430', 'José López Sánchez', '1994-10-26', 'Masculino', '3107481451', 'jose.lopez21@example.test', 'EPS001', 'Buga', 'Alta', 'Pendiente', '2026-05-01 14:06:00', '2026-06-08 03:12:00'),
	(22, 'CC', '628394602', 'Santiago Cárdenas Valencia', '2001-03-06', 'Masculino', '3116270866', 'santiago.cardenas22@example.test', 'EPS005', 'Palmira', 'Baja', 'Atendido', '2026-04-24 17:27:00', '2026-06-25 11:21:00'),
	(23, 'CC', '1077457537', 'Ana Sánchez Castro', '2004-10-07', 'Femenino', '3058121086', 'ana.sanchez23@example.test', 'EPS009', 'Cartago', 'Media', 'Pendiente', '2026-04-16 19:47:00', '2026-05-09 23:53:00'),
	(24, 'CC', '1146075024', 'Miguel Valencia Giraldo', '1965-09-16', 'Masculino', '3131076983', 'miguel.valencia24@example.test', 'EPS005', 'Tuluá', 'Alta', 'Pendiente', '2026-04-30 20:30:00', '2026-05-24 06:17:00'),
	(25, 'TI', '1176818957', 'Juan Hernández Vargas', '2013-07-12', 'Masculino', '3209044154', 'juan.hernandez25@example.test', 'EPS007', 'Cali', 'Media', 'En atención', '2026-04-18 21:31:00', '2026-05-20 01:47:00'),
	(26, 'CC', '795632815', 'Natalia Castro López', '1990-10-24', 'Femenino', '3229478542', 'natalia.castro26@example.test', 'EPS007', 'Yumbo', 'Media', 'Atendido', '2026-06-30 06:37:00', '2026-07-06 17:10:00'),
	(27, 'CC', '320059093', 'Ana Gabriela García López', '1991-10-20', 'Femenino', '3188289390', 'ana.garcia27@example.test', 'EPS003', 'Palmira', 'Baja', 'Atendido', '2026-04-28 05:24:00', '2026-05-03 19:35:00'),
	(28, 'CC', '125841945', 'Santiago Silva Romero', '1996-12-11', 'Masculino', '3115567993', 'santiago.silva28@example.test', 'EPS002', 'Buga', 'Baja', 'En atención', '2026-05-29 16:48:00', '2026-06-12 07:27:00'),
	(29, 'CC', '981672335', 'Paula Juliana Sánchez Moreno', '1956-09-13', 'Femenino', '3026860975', 'paula.sanchez29@example.test', 'EPS010', 'Buga', 'Alta', 'Atendido', '2026-06-12 04:24:00', '2026-07-04 08:04:00'),
	(30, 'CC', '382120263', 'Diana Rodríguez López', '1991-11-19', 'Femenino', '3102324489', 'diana.rodriguez30@example.test', 'EPS005', 'Cartago', 'Baja', 'Pendiente', '2026-04-17 08:01:00', '2026-04-25 13:53:00'),
	(31, 'CC', '411554494', 'Laura García Ortiz', '1973-02-14', 'Femenino', '3114586001', 'laura.garcia31@example.test', 'EPS004', 'Jamundí', 'Alta', 'En atención', '2026-04-02 14:00:00', '2026-05-09 20:40:00'),
	(32, 'CC', '539545347', 'Alejandra Romero Silva', '1953-04-13', 'Femenino', '3049937775', 'alejandra.romero32@example.test', 'EPS001', 'Cartago', 'Baja', 'Atendido', '2026-05-03 20:45:00', '2026-05-24 10:54:00'),
	(33, 'CC', '164310566', 'Santiago Ospina González', '1964-07-05', 'Masculino', '3022390454', 'santiago.ospina33@example.test', 'EPS001', 'Cali', 'Baja', 'Pendiente', '2026-06-05 23:29:00', '2026-06-18 16:13:00'),
	(34, 'CC', '294995106', 'Diana Laura Jiménez Moreno', '1993-01-10', 'Femenino', '3136138806', 'diana.jimenez34@example.test', 'EPS002', 'Cartago', 'Media', 'En atención', '2026-04-12 07:14:00', '2026-06-17 11:22:00'),
	(35, 'CC', '101094022', 'Daniel Santiago Castaño Romero', '1989-06-17', 'Masculino', '3195780090', 'daniel.castano35@example.test', 'EPS005', 'Palmira', 'Baja', 'Pendiente', '2026-06-01 12:56:00', '2026-06-06 10:22:00'),
	(36, 'CC', '1170882194', 'Nicolás Hernández Giraldo', '1997-06-10', 'Masculino', '3007376992', 'nicolas.hernandez36@example.test', 'EPS010', 'Jamundí', 'Alta', 'Pendiente', '2026-03-23 15:25:00', '2026-06-12 02:03:00'),
	(37, 'CC', '198935407', 'Carlos Silva Romero', '1949-05-28', 'Masculino', '3155872333', 'carlos.silva37@example.test', 'EPS006', 'Yumbo', 'Baja', 'Atendido', '2026-03-22 13:43:00', '2026-04-18 14:41:00'),
	(38, 'CC', '10483521', 'Andrea Restrepo García', '1955-11-01', 'Femenino', '3123344689', 'andrea.restrepo38@example.test', 'EPS004', 'Cartago', 'Baja', 'Atendido', '2026-04-05 10:12:00', '2026-07-01 10:54:00'),
	(39, 'CC', '1097423040', 'Manuela Valencia González', '1991-10-28', 'Femenino', '3125587474', 'manuela.valencia39@example.test', 'EPS008', 'Yumbo', 'Media', 'Atendido', '2026-06-20 04:12:00', '2026-06-29 19:32:00'),
	(40, 'CC', '110751920', 'Ana Ruiz Díaz', '1976-08-22', 'Femenino', '3173821247', 'ana.ruiz40@example.test', 'EPS006', 'Yumbo', 'Media', 'En atención', '2026-03-28 04:05:00', '2026-04-19 17:02:00'),
	(41, 'CC', '124869286', 'Sofía Muñoz Castro', '1998-07-02', 'Femenino', '3187975518', 'sofia.munoz41@example.test', 'EPS010', 'Tuluá', 'Media', 'Atendido', '2026-07-01 14:38:00', '2026-07-01 19:04:00'),
	(42, 'CC', '968033572', 'Sofía Carolina Sánchez López', '2005-06-12', 'Femenino', '3108686713', 'sofia.sanchez42@example.test', 'EPS003', 'Yumbo', 'Media', 'Pendiente', '2026-03-24 21:32:00', '2026-03-29 19:07:00'),
	(43, 'CC', '692940988', 'Manuela Valencia González', '1946-09-13', 'Femenino', '3135849857', 'manuela.valencia43@example.test', 'EPS004', 'Buga', 'Alta', 'Atendido', '2026-05-13 13:10:00', '2026-06-29 02:36:00'),
	(44, 'CC', '613420608', 'María Gabriela Rojas Castaño', '1984-07-28', 'Femenino', '3059433260', 'maria.rojas44@example.test', 'EPS003', 'Yumbo', 'Alta', 'Pendiente', '2026-04-02 02:58:00', '2026-07-02 21:48:00'),
	(45, 'CC', '69234739', 'Natalia Restrepo Vargas', '2003-06-03', 'Femenino', '3003832369', 'natalia.restrepo45@example.test', 'EPS004', 'Yumbo', 'Media', 'Pendiente', '2026-05-11 17:36:00', '2026-07-05 06:54:00'),
	(46, 'CC', '760684338', 'Natalia Rojas Muñoz', '1972-07-25', 'Femenino', '3159928336', 'natalia.rojas46@example.test', 'EPS002', 'Jamundí', 'Media', 'Atendido', '2026-04-09 15:37:00', '2026-04-25 19:48:00'),
	(47, 'CC', '483524131', 'Tomás García Pérez', '1981-12-19', 'Masculino', '3184039951', 'tomas.garcia47@example.test', 'EPS007', 'Buga', 'Baja', 'Atendido', '2026-04-13 02:23:00', '2026-07-03 21:46:00'),
	(48, 'TI', '883774820', 'Diana Giraldo Martínez', '2011-06-23', 'Femenino', '3186001579', 'diana.giraldo48@example.test', 'EPS005', 'Buga', 'Media', 'En atención', '2026-04-01 19:01:00', '2026-04-14 16:46:00'),
	(49, 'CC', '920299166', 'Natalia Ruiz Muñoz', '1968-09-08', 'Femenino', '3135407636', 'natalia.ruiz49@example.test', 'EPS001', 'Palmira', 'Media', 'Pendiente', '2026-06-30 22:59:00', '2026-07-07 02:43:00'),
	(50, 'TI', '835740262', 'Gabriela Díaz Ospina', '2013-09-27', 'Femenino', '3004309534', 'gabriela.diaz50@example.test', 'EPS005', 'Yumbo', 'Media', 'En atención', '2026-06-27 00:01:00', '2026-06-29 12:23:00'),
	(51, 'CC', '352643589', 'Sofía García Ospina', '1958-12-22', 'Femenino', '3013283517', 'sofia.garcia51@example.test', 'EPS005', 'Buga', 'Alta', 'Pendiente', '2026-04-02 12:59:00', '2026-06-04 15:43:00'),
	(52, 'CC', '472379445', 'Catalina Mendoza González', '1985-07-05', 'Femenino', '3226358764', 'catalina.mendoza52@example.test', 'EPS010', 'Jamundí', 'Alta', 'Atendido', '2026-06-26 00:10:00', '2026-06-30 21:59:00'),
	(53, 'CC', '718131825', 'Mateo Romero Mendoza', '1957-05-23', 'Masculino', '3125877809', 'mateo.romero53@example.test', 'EPS005', 'Palmira', 'Baja', 'Pendiente', '2026-05-01 03:23:00', '2026-05-20 12:47:00'),
	(54, 'CC', '158836839', 'Sebastián Castaño Hernández', '1989-10-22', 'Masculino', '3027151087', 'sebastian.castano54@example.test', 'EPS004', 'Buga', 'Media', 'Atendido', '2026-06-24 17:21:00', '2026-07-01 17:09:00'),
	(55, 'CC', '632521287', 'Paula Álvarez Ramírez', '1946-11-09', 'Femenino', '3133151984', 'paula.alvarez55@example.test', 'EPS008', 'Cali', 'Media', 'Atendido', '2026-03-23 02:14:00', '2026-06-20 10:09:00'),
	(56, 'CE', '1128571940', 'Daniel Cristian Giraldo González', '1970-02-07', 'Masculino', '3135747240', 'daniel.giraldo56@example.test', 'EPS005', 'Buga', 'Media', 'Atendido', '2026-04-06 10:56:00', '2026-04-15 15:16:00'),
	(57, 'CC', '1117834620', 'Natalia Hernández Vargas', '1972-04-26', 'Femenino', '3173056301', 'natalia.hernandez57@example.test', 'EPS004', 'Cali', 'Baja', 'En atención', '2026-05-13 11:49:00', '2026-06-27 00:39:00'),
	(58, 'CC', '830865138', 'Andrés Nicolás Moreno Quintero', '1995-10-03', 'Masculino', '3204534091', 'andres.moreno58@example.test', 'EPS009', 'Cali', 'Alta', 'Atendido', '2026-04-03 08:14:00', '2026-05-10 02:32:00'),
	(59, 'CC', '568408228', 'Valentina Vargas Ortiz', '1955-11-25', 'Femenino', '3042307072', 'valentina.vargas59@example.test', 'EPS009', 'Yumbo', 'Media', 'Atendido', '2026-04-01 23:12:00', '2026-07-02 20:59:00'),
	(60, 'CC', '1084303868', 'Ana Rojas Vargas', '2002-10-14', 'Femenino', '3215476066', 'ana.rojas60@example.test', 'EPS010', 'Buga', 'Media', 'En atención', '2026-05-21 07:29:00', '2026-06-27 20:13:00'),
	(61, 'CC', '339216561', 'Paula Hernández Jiménez', '1965-06-28', 'Femenino', '3184907146', 'paula.hernandez61@example.test', 'EPS003', 'Palmira', 'Alta', 'Pendiente', '2026-03-16 06:56:00', '2026-06-11 19:07:00'),
	(62, 'CC', '893016948', 'María Muñoz Álvarez', '1986-08-13', 'Femenino', '3162906326', 'maria.munoz62@example.test', 'EPS001', 'Palmira', 'Baja', 'Atendido', '2026-04-14 15:33:00', '2026-04-21 20:20:00'),
	(63, 'CC', '599279457', 'Valentina López Hernández', '1975-03-19', 'Femenino', '3004649956', 'valentina.lopez63@example.test', 'EPS006', 'Cali', 'Alta', 'Pendiente', '2026-04-29 23:45:00', '2026-05-11 13:58:00'),
	(64, 'CC', '668140000', 'Alejandro Jiménez Ospina', '1971-01-20', 'Masculino', '3219908580', 'alejandro.jimenez64@example.test', 'EPS006', 'Palmira', 'Baja', 'Pendiente', '2026-06-15 20:22:00', '2026-07-02 16:24:00'),
	(65, 'CC', '603943656', 'Mateo Castro Díaz', '1993-10-23', 'Masculino', '3144587818', 'mateo.castro65@example.test', 'EPS010', 'Yumbo', 'Baja', 'Atendido', '2026-04-06 05:17:00', '2026-07-03 22:57:00'),
	(66, 'CC', '697357759', 'Julián Jiménez López', '1992-02-25', 'Masculino', '3013005062', 'julian.jimenez66@example.test', 'EPS007', 'Tuluá', 'Baja', 'Pendiente', '2026-05-17 11:17:00', '2026-05-27 13:43:00'),
	(67, 'CC', '231687726', 'Laura Ospina Díaz', '1979-11-10', 'Femenino', '3136751027', 'laura.ospina67@example.test', 'EPS008', 'Cartago', 'Baja', 'Atendido', '2026-05-25 02:29:00', '2026-06-25 12:40:00'),
	(68, 'CC', '448891024', 'Alejandra Torres García', '1957-02-19', 'Femenino', '3133603016', 'alejandra.torres68@example.test', 'EPS010', 'Cartago', 'Baja', 'Pendiente', '2026-05-23 10:10:00', '2026-06-04 04:39:00'),
	(69, 'TI', '180564751', 'Ana Ospina Ortiz', '2013-05-23', 'Femenino', '3054845924', 'ana.ospina69@example.test', 'EPS005', 'Buga', 'Baja', 'Atendido', '2026-07-03 00:56:00', '2026-07-08 01:43:00'),
	(70, 'CC', '227616440', 'María González Rojas', '1988-08-19', 'Femenino', '3216479461', 'maria.gonzalez70@example.test', 'EPS003', 'Cali', 'Baja', 'En atención', '2026-03-24 19:16:00', '2026-04-13 22:55:00'),
	(71, 'TI', '485996232', 'Andrés Rojas Quintero', '2020-09-25', 'Masculino', '3219349499', 'andres.rojas71@example.test', 'EPS001', 'Tuluá', 'Baja', 'Atendido', '2026-05-07 07:21:00', '2026-05-09 16:57:00'),
	(72, 'CC', '850254259', 'Esteban David Rodríguez Rojas', '1995-01-06', 'Masculino', '3176672198', 'esteban.rodriguez72@example.test', 'EPS003', 'Buga', 'Media', 'Atendido', '2026-06-06 14:58:00', '2026-06-20 12:45:00'),
	(73, 'CC', '696315884', 'Miguel Valencia Álvarez', '1959-12-18', 'Masculino', '3053162859', 'miguel.valencia73@example.test', 'EPS010', 'Buga', 'Media', 'Pendiente', '2026-05-05 04:48:00', '2026-05-31 10:24:00'),
	(74, 'CC', '242530502', 'Andrea Ospina Quintero', '1982-04-07', 'Femenino', '3008796889', 'andrea.ospina74@example.test', 'EPS007', 'Palmira', 'Media', 'En atención', '2026-06-21 02:00:00', '2026-06-22 23:15:00'),
	(75, 'CC', '708479105', 'Natalia Romero López', '1983-11-06', 'Femenino', '3113986253', 'natalia.romero75@example.test', 'EPS005', 'Cali', 'Baja', 'Pendiente', '2026-05-03 09:31:00', '2026-05-31 09:29:00'),
	(76, 'CC', '681285788', 'Andrés Ramírez Moreno', '1994-06-07', 'Masculino', '3013652624', 'andres.ramirez76@example.test', 'EPS001', 'Cartago', 'Media', 'Pendiente', '2026-05-19 10:16:00', '2026-06-19 20:45:00'),
	(77, 'CC', '367478197', 'Sebastián Ramírez Martínez', '1968-09-15', 'Masculino', '3203541668', 'sebastian.ramirez77@example.test', 'EPS003', 'Cali', 'Media', 'Pendiente', '2026-06-09 23:03:00', '2026-06-20 23:25:00'),
	(78, 'CC', '215066556', 'Valentina Andrea Muñoz Martínez', '1972-08-09', 'Femenino', '3187508167', 'valentina.munoz78@example.test', 'EPS002', 'Palmira', 'Media', 'Atendido', '2026-04-11 23:56:00', '2026-06-27 02:51:00'),
	(79, 'CC', '914103900', 'Daniela González Moreno', '1976-09-05', 'Femenino', '3153137726', 'daniela.gonzalez79@example.test', 'EPS010', 'Yumbo', 'Media', 'Pendiente', '2026-06-23 07:56:00', '2026-07-07 01:21:00'),
	(80, 'CC', '126823056', 'Sara Andrea Silva Pérez', '1983-07-22', 'Femenino', '3191923692', 'sara.silva80@example.test', 'EPS009', 'Yumbo', 'Media', 'Pendiente', '2026-07-02 21:18:00', '2026-07-04 18:39:00'),
	(81, 'CC', '1166470814', 'Laura Ana Martínez Castro', '1985-01-02', 'Femenino', '3127854797', 'laura.martinez81@example.test', 'EPS008', 'Cali', 'Media', 'Atendido', '2026-05-15 18:55:00', '2026-05-23 01:41:00'),
	(82, 'CC', '300488973', 'Julián González Martínez', '1993-07-18', 'Masculino', '3157287566', 'julian.gonzalez82@example.test', 'EPS004', 'Jamundí', 'Media', 'En atención', '2026-06-30 03:17:00', '2026-07-02 21:40:00'),
	(83, 'CC', '1014435583', 'Natalia Torres García', '1961-09-08', 'Femenino', '3171081601', 'natalia.torres83@example.test', 'EPS009', 'Yumbo', 'Alta', 'Atendido', '2026-07-03 22:36:00', '2026-07-05 00:55:00'),
	(84, 'CC', '1147733120', 'Valentina Cárdenas López', '1984-03-15', 'Femenino', '3168458539', 'valentina.cardenas84@example.test', 'EPS002', 'Cali', 'Alta', 'En atención', '2026-06-26 16:17:00', '2026-06-27 19:37:00'),
	(85, 'CC', '346178883', 'Carlos Quintero Castaño', '1967-06-18', 'Masculino', '3202187631', 'carlos.quintero85@example.test', 'EPS006', 'Jamundí', 'Baja', 'Pendiente', '2026-04-08 07:06:00', '2026-07-05 04:12:00'),
	(86, 'CC', '336306394', 'Samuel Romero Ruiz', '1965-07-22', 'Masculino', '3163248277', 'samuel.romero86@example.test', 'EPS003', 'Buga', 'Baja', 'Pendiente', '2026-03-19 07:19:00', '2026-07-08 03:47:00'),
	(87, 'CE', '102708190', 'Luisa Juliana Mendoza Álvarez', '1941-10-12', 'Femenino', '3202815503', 'luisa.mendoza87@example.test', 'EPS007', 'Cartago', 'Alta', 'Atendido', '2026-05-08 01:33:00', '2026-06-15 16:46:00'),
	(88, 'CC', '646037147', 'Luisa Restrepo Muñoz', '1971-02-06', 'Femenino', '3013621542', 'luisa.restrepo88@example.test', 'EPS010', 'Yumbo', 'Media', 'Atendido', '2026-06-24 16:22:00', '2026-07-10 00:21:00'),
	(89, 'CC', '363360631', 'Ricardo Castro González', '1969-09-18', 'Masculino', '3159941867', 'ricardo.castro89@example.test', 'EPS005', 'Tuluá', 'Baja', 'En atención', '2026-06-15 06:34:00', '2026-07-02 17:46:00'),
	(90, 'CC', '442223344', 'Nicolás Ricardo González Restrepo', '1992-01-19', 'Masculino', '3134618336', 'nicolas.gonzalez90@example.test', 'EPS003', 'Buga', 'Media', 'En atención', '2026-04-05 04:06:00', '2026-06-03 20:49:00'),
	(91, 'CC', '760195250', 'Ana Torres Giraldo', '1978-02-16', 'Femenino', '3192399540', 'ana.torres91@example.test', 'EPS003', 'Jamundí', 'Baja', 'En atención', '2026-05-23 20:04:00', '2026-06-02 20:54:00'),
	(92, 'CC', '1186646157', 'Mateo David Valencia García', '1992-04-12', 'Masculino', '3169467226', 'mateo.valencia92@example.test', 'EPS007', 'Tuluá', 'Media', 'Atendido', '2026-04-26 00:27:00', '2026-05-10 10:12:00'),
	(93, 'TI', '565167358', 'Sofía Moreno Ramírez', '2010-01-06', 'Femenino', '3174674137', 'sofia.moreno93@example.test', 'EPS003', 'Cali', 'Baja', 'Pendiente', '2026-04-21 13:01:00', '2026-05-31 05:45:00'),
	(94, 'CC', '760916177', 'Esteban Muñoz Silva', '1988-04-13', 'Masculino', '3205928392', 'esteban.munoz94@example.test', 'EPS010', 'Tuluá', 'Media', 'Pendiente', '2026-04-24 12:17:00', '2026-06-07 13:29:00'),
	(95, 'CC', '1141404207', 'Laura Álvarez Ospina', '1966-02-19', 'Femenino', '3144982161', 'laura.alvarez95@example.test', 'EPS004', 'Cartago', 'Media', 'Pendiente', '2026-05-25 04:42:00', '2026-06-11 23:43:00'),
	(96, 'CC', '902449810', 'Ricardo Silva Ospina', '2006-08-17', 'Masculino', '3175636565', 'ricardo.silva96@example.test', 'EPS007', 'Yumbo', 'Baja', 'Atendido', '2026-06-16 17:27:00', '2026-06-30 14:11:00'),
	(97, 'CC', '635944595', 'Alejandra Martínez Ruiz', '1976-12-26', 'Femenino', '3134283326', 'alejandra.martinez97@example.test', 'EPS006', 'Palmira', 'Media', 'Atendido', '2026-04-12 09:37:00', '2026-05-05 19:56:00'),
	(98, 'CE', '938197374', 'José Ramírez Castaño', '1979-08-19', 'Masculino', '3118543411', 'jose.ramirez98@example.test', 'EPS003', 'Cartago', 'Media', 'Atendido', '2026-06-19 21:50:00', '2026-06-22 03:17:00'),
	(99, 'CC', '451480305', 'Catalina Castaño González', '1968-08-02', 'Femenino', '3229813482', 'catalina.castano99@example.test', 'EPS006', 'Cali', 'Media', 'Pendiente', '2026-06-25 05:15:00', '2026-07-09 18:11:00'),
	(100, 'CC', '1157411220', 'Mateo Muñoz Martínez', '1984-02-07', 'Masculino', '3171376091', 'mateo.munoz100@example.test', 'EPS002', 'Palmira', 'Media', 'Atendido', '2026-04-08 09:14:00', '2026-04-16 19:39:00'),
	(101, 'CC', '229729883', 'Daniel Restrepo Valencia', '1998-02-22', 'Masculino', '3134610003', 'daniel.restrepo101@example.test', 'EPS008', 'Yumbo', 'Baja', 'Atendido', '2026-06-11 22:47:00', '2026-07-05 03:52:00'),
	(102, 'CC', '932990690', 'Sebastián Rojas Restrepo', '1996-09-02', 'Masculino', '3187229288', 'sebastian.rojas102@example.test', 'EPS001', 'Buga', 'Alta', 'Pendiente', '2026-04-06 21:29:00', '2026-05-14 22:22:00'),
	(103, 'TI', '385549838', 'Carlos Moreno González', '2012-05-05', 'Masculino', '3004129441', 'carlos.moreno103@example.test', 'EPS007', 'Cali', 'Baja', 'Atendido', '2026-06-08 12:43:00', '2026-06-12 11:51:00'),
	(104, 'CC', '320951885', 'Samuel Díaz López', '1943-10-16', 'Masculino', '3047193742', 'samuel.diaz104@example.test', 'EPS008', 'Jamundí', 'Media', 'Atendido', '2026-07-05 10:40:00', '2026-07-05 16:09:00'),
	(105, 'CC', '556780417', 'Alejandra Ruiz Silva', '1943-09-04', 'Femenino', '3213832646', 'alejandra.ruiz105@example.test', 'EPS003', 'Cali', 'Baja', 'Pendiente', '2026-06-10 23:43:00', '2026-07-01 13:41:00'),
	(106, 'CC', '270887234', 'Luisa Romero Jiménez', '1942-02-04', 'Femenino', '3176895266', 'luisa.romero106@example.test', 'EPS007', 'Cali', 'Alta', 'Atendido', '2026-05-31 02:10:00', '2026-06-09 00:03:00'),
	(107, 'CC', '617060131', 'Daniel Quintero Vargas', '1989-01-05', 'Masculino', '3162176693', 'daniel.quintero107@example.test', 'EPS005', 'Yumbo', 'Baja', 'Pendiente', '2026-04-24 06:28:00', '2026-05-30 19:22:00'),
	(108, 'CC', '495117378', 'Mateo Hernández Rodríguez', '1968-06-10', 'Masculino', '3172157127', 'mateo.hernandez108@example.test', 'EPS001', 'Jamundí', 'Media', 'Pendiente', '2026-06-28 19:35:00', '2026-06-29 16:46:00'),
	(109, 'CC', '854053953', 'Daniel Ortiz Rodríguez', '1970-12-05', 'Masculino', '3119416322', 'daniel.ortiz109@example.test', 'EPS002', 'Jamundí', 'Media', 'Pendiente', '2026-06-05 18:25:00', '2026-07-09 22:30:00'),
	(110, 'CC', '164163542', 'Julián Romero Ospina', '1977-03-15', 'Masculino', '3048814077', 'julian.romero110@example.test', 'EPS001', 'Yumbo', 'Media', 'Atendido', '2026-07-04 21:39:00', '2026-07-09 03:32:00'),
	(111, 'CC', '103900911', 'Samuel Castro Silva', '1983-11-13', 'Masculino', '3151669511', 'samuel.castro111@example.test', 'EPS007', 'Buga', 'Media', 'Pendiente', '2026-05-02 13:59:00', '2026-05-13 16:12:00'),
	(112, 'CC', '898803655', 'Juan López Rodríguez', '1944-12-22', 'Masculino', '3046512475', 'juan.lopez112@example.test', 'EPS009', 'Cartago', 'Baja', 'Pendiente', '2026-05-29 19:04:00', '2026-06-17 11:33:00'),
	(113, 'CC', '289091262', 'Alejandra Cárdenas Rodríguez', '1939-02-27', 'Femenino', '3144098218', 'alejandra.cardenas113@example.test', 'EPS003', 'Buga', 'Baja', 'Atendido', '2026-05-10 08:54:00', '2026-05-14 13:57:00'),
	(114, 'TI', '641426672', 'Sofía Ortiz Romero', '2018-01-03', 'Femenino', '3124299469', 'sofia.ortiz114@example.test', 'EPS007', 'Yumbo', 'Media', 'En atención', '2026-04-27 10:16:00', '2026-07-02 12:22:00'),
	(115, 'CC', '933813697', 'Paula Luisa Ruiz Álvarez', '2003-02-25', 'Femenino', '3004632917', 'paula.ruiz115@example.test', 'EPS002', 'Palmira', 'Alta', 'Atendido', '2026-04-26 20:00:00', '2026-04-30 17:13:00'),
	(116, 'CC', '361161473', 'Andrés Ruiz Silva', '1965-08-02', 'Masculino', '3173488211', 'andres.ruiz116@example.test', 'EPS007', 'Tuluá', 'Baja', 'Pendiente', '2026-04-12 22:51:00', '2026-04-30 00:04:00'),
	(117, 'CC', '939831102', 'Julián García Pérez', '2004-04-27', 'Masculino', '3169164983', 'julian.garcia117@example.test', 'EPS001', 'Tuluá', 'Baja', 'En atención', '2026-05-17 21:12:00', '2026-05-30 16:02:00'),
	(118, 'CC', '60803630', 'Sara Romero Torres', '1965-07-25', 'Femenino', '3143780632', 'sara.romero118@example.test', 'EPS007', 'Tuluá', 'Media', 'Atendido', '2026-06-21 18:44:00', '2026-07-05 10:22:00'),
	(119, 'PA', '447634977', 'Carlos González Ramírez', '1999-05-16', 'Masculino', '3172468700', 'carlos.gonzalez119@example.test', 'EPS006', 'Palmira', 'Media', 'Atendido', '2026-05-14 08:51:00', '2026-07-05 22:34:00'),
	(120, 'CC', '157822504', 'Ana Álvarez López', '1983-02-19', 'Femenino', '3104815138', 'ana.alvarez120@example.test', 'EPS006', 'Tuluá', 'Media', 'Atendido', '2026-06-26 19:27:00', '2026-07-03 15:47:00'),
	(121, 'CC', '216865802', 'Julián Ospina Vargas', '1956-01-26', 'Masculino', '3199989940', 'julian.ospina121@example.test', 'EPS002', 'Cartago', 'Media', 'Pendiente', '2026-06-10 19:31:00', '2026-07-08 05:31:00'),
	(122, 'CC', '238190108', 'Alejandro Jorge Pérez Castro', '1987-07-02', 'Masculino', '3109805857', 'alejandro.perez122@example.test', 'EPS002', 'Buga', 'Alta', 'En atención', '2026-05-16 14:38:00', '2026-05-21 02:45:00'),
	(123, 'CC', '830639902', 'Tomás Díaz Restrepo', '2002-07-12', 'Masculino', '3154212059', 'tomas.diaz123@example.test', 'EPS001', 'Yumbo', 'Media', 'Atendido', '2026-06-18 23:43:00', '2026-06-23 04:18:00'),
	(124, 'CC', '768896438', 'Sara Hernández Quintero', '1971-02-14', 'Femenino', '3014283755', 'sara.hernandez124@example.test', 'EPS005', 'Yumbo', 'Media', 'Atendido', '2026-03-14 00:44:00', '2026-05-26 01:16:00'),
	(125, 'CC', '190609545', 'Juliana Moreno Ramírez', '1983-04-17', 'Femenino', '3001849214', 'juliana.moreno125@example.test', 'EPS005', 'Yumbo', 'Baja', 'Pendiente', '2026-05-16 02:18:00', '2026-07-08 08:26:00'),
	(126, 'CC', '784287836', 'Gabriela Romero Mendoza', '1985-09-04', 'Femenino', '3127808970', 'gabriela.romero126@example.test', 'EPS002', 'Cartago', 'Alta', 'Atendido', '2026-06-03 16:27:00', '2026-06-23 00:42:00'),
	(127, 'CC', '532443863', 'Miguel Cárdenas Sánchez', '1984-03-31', 'Masculino', '3016804022', 'miguel.cardenas127@example.test', 'EPS004', 'Tuluá', 'Media', 'Pendiente', '2026-06-17 14:58:00', '2026-07-03 10:46:00'),
	(128, 'CC', '807713289', 'Daniel Ramírez Romero', '2000-01-13', 'Masculino', '3215796412', 'daniel.ramirez128@example.test', 'EPS002', 'Jamundí', 'Media', 'Atendido', '2026-04-07 15:58:00', '2026-06-07 21:52:00'),
	(129, 'CC', '75703009', 'Esteban Díaz Hernández', '1974-12-01', 'Masculino', '3107783362', 'esteban.diaz129@example.test', 'EPS009', 'Cartago', 'Media', 'Pendiente', '2026-06-22 00:22:00', '2026-06-25 12:32:00'),
	(130, 'CE', '970806514', 'Miguel Rojas Mendoza', '1952-09-16', 'Masculino', '3009685322', 'miguel.rojas130@example.test', 'EPS002', 'Cartago', 'Baja', 'Pendiente', '2026-06-21 13:06:00', '2026-07-07 00:29:00'),
	(131, 'CC', '981877932', 'Natalia Diana Torres Castaño', '1967-06-05', 'Femenino', '3163622089', 'natalia.torres131@example.test', 'EPS002', 'Buga', 'Media', 'Pendiente', '2026-05-22 21:04:00', '2026-07-04 22:07:00'),
	(132, 'CC', '978799172', 'Camila López Jiménez', '1988-02-18', 'Femenino', '3156377936', 'camila.lopez132@example.test', 'EPS004', 'Cartago', 'Media', 'Atendido', '2026-06-03 11:58:00', '2026-06-25 06:09:00'),
	(133, 'CC', '1199822442', 'Juliana Ospina Rojas', '1949-12-19', 'Femenino', '3139274498', 'juliana.ospina133@example.test', 'EPS008', 'Yumbo', 'Media', 'Pendiente', '2026-04-13 15:43:00', '2026-05-23 23:14:00'),
	(134, 'CC', '1046636479', 'Catalina Muñoz Ortiz', '2003-08-29', 'Femenino', '3047333682', 'catalina.munoz134@example.test', 'EPS007', 'Cali', 'Media', 'Pendiente', '2026-03-18 07:27:00', '2026-03-26 01:27:00'),
	(135, 'CC', '941806527', 'Juan Martínez Quintero', '1952-12-21', 'Masculino', '3148224623', 'juan.martinez135@example.test', 'EPS009', 'Cartago', 'Alta', 'Pendiente', '2026-06-02 13:54:00', '2026-06-18 05:28:00'),
	(136, 'CC', '193884660', 'María Rodríguez Hernández', '1973-11-18', 'Femenino', '3207579421', 'maria.rodriguez136@example.test', 'EPS002', 'Buga', 'Alta', 'Atendido', '2026-04-03 02:53:00', '2026-06-25 06:36:00'),
	(137, 'CC', '565226404', 'Andrea Castro Restrepo', '1981-08-06', 'Femenino', '3164183557', 'andrea.castro137@example.test', 'EPS010', 'Cali', 'Baja', 'En atención', '2026-05-10 16:03:00', '2026-07-07 18:41:00'),
	(138, 'CC', '101398691', 'Carlos Moreno Valencia', '1953-08-18', 'Masculino', '3185560724', 'carlos.moreno138@example.test', 'EPS010', 'Cartago', 'Media', 'Atendido', '2026-06-01 09:19:00', '2026-06-24 07:10:00'),
	(139, 'CC', '1136170046', 'Ricardo Ospina Rojas', '1990-05-15', 'Masculino', '3178266972', 'ricardo.ospina139@example.test', 'EPS010', 'Jamundí', 'Media', 'Pendiente', '2026-07-01 18:11:00', '2026-07-08 08:26:00'),
	(140, 'CC', '721168647', 'Alejandra Hernández Vargas', '1993-07-08', 'Femenino', '3161879563', 'alejandra.hernandez140@example.test', 'EPS001', 'Tuluá', 'Baja', 'Pendiente', '2026-05-24 19:08:00', '2026-06-14 04:29:00'),
	(141, 'CC', '898392861', 'Jorge Ospina Quintero', '1945-10-07', 'Masculino', '3227668498', 'jorge.ospina141@example.test', 'EPS007', 'Tuluá', 'Baja', 'Atendido', '2026-05-04 03:00:00', '2026-06-06 06:46:00'),
	(142, 'CC', '1091803029', 'Carolina Giraldo Restrepo', '1973-04-13', 'Femenino', '3195766506', 'carolina.giraldo142@example.test', 'EPS004', 'Palmira', 'Media', 'En atención', '2026-06-16 20:43:00', '2026-06-19 11:56:00'),
	(143, 'CC', '815389755', 'Luisa Vargas Giraldo', '1990-11-08', 'Femenino', '3027733775', 'luisa.vargas143@example.test', 'EPS007', 'Palmira', 'Baja', 'Atendido', '2026-04-15 02:34:00', '2026-06-23 07:06:00'),
	(144, 'CC', '903352023', 'Gabriela Ospina Ruiz', '1977-02-24', 'Femenino', '3143660239', 'gabriela.ospina144@example.test', 'EPS001', 'Cali', 'Media', 'Atendido', '2026-05-13 07:07:00', '2026-07-03 09:30:00'),
	(145, 'CE', '90698614', 'Alejandra Silva Hernández', '1992-07-06', 'Femenino', '3219191333', 'alejandra.silva145@example.test', 'EPS003', 'Palmira', 'Alta', 'En atención', '2026-04-08 18:39:00', '2026-07-06 13:51:00'),
	(146, 'CC', '107565728', 'Jorge Álvarez Rojas', '1985-10-31', 'Masculino', '3159184850', 'jorge.alvarez146@example.test', 'EPS004', 'Tuluá', 'Media', 'Atendido', '2026-04-14 21:09:00', '2026-04-24 06:03:00'),
	(147, 'CC', '378769888', 'Catalina Castro Silva', '1969-11-06', 'Femenino', '3119655752', 'catalina.castro147@example.test', 'EPS002', 'Jamundí', 'Alta', 'En atención', '2026-05-04 12:37:00', '2026-05-15 15:13:00'),
	(148, 'CC', '1168611671', 'Alejandro Ramírez Castaño', '1977-08-17', 'Masculino', '3208206328', 'alejandro.ramirez148@example.test', 'EPS004', 'Cartago', 'Baja', 'Atendido', '2026-07-09 07:57:00', '2026-07-10 03:05:00'),
	(149, 'TI', '162117766', 'Alejandra Cárdenas Rojas', '2013-02-16', 'Femenino', '3219723373', 'alejandra.cardenas149@example.test', 'EPS006', 'Jamundí', 'Alta', 'Atendido', '2026-03-17 20:02:00', '2026-06-14 11:43:00'),
	(150, 'CC', '255534450', 'Miguel Castro Ruiz', '1973-09-02', 'Masculino', '3129962790', 'miguel.castro150@example.test', 'EPS008', 'Palmira', 'Baja', 'Pendiente', '2026-04-09 23:42:00', '2026-06-05 16:12:00'),
	(151, 'PA', '433360854', 'Laura Giraldo Jiménez', '1999-03-20', 'Femenino', '3116450782', 'laura.giraldo151@example.test', 'EPS001', 'Tuluá', 'Alta', 'Pendiente', '2026-04-02 03:29:00', '2026-04-08 04:10:00'),
	(152, 'CC', '13493199', 'Luisa Giraldo Mendoza', '1976-07-16', 'Femenino', '3133759046', 'luisa.giraldo152@example.test', 'EPS009', 'Cartago', 'Media', 'Pendiente', '2026-04-12 13:09:00', '2026-07-04 11:49:00'),
	(153, 'CE', '1112104871', 'Natalia Rodríguez Ortiz', '1991-06-03', 'Femenino', '3042279174', 'natalia.rodriguez153@example.test', 'EPS009', 'Yumbo', 'Baja', 'Atendido', '2026-05-18 22:16:00', '2026-07-10 09:48:00'),
	(154, 'CC', '935445585', 'Mateo Daniel Sánchez Mendoza', '1993-04-14', 'Masculino', '3157508673', 'mateo.sanchez154@example.test', 'EPS003', 'Yumbo', 'Media', 'En atención', '2026-06-22 14:23:00', '2026-07-06 04:54:00'),
	(155, 'CC', '419818944', 'Ricardo Juan Díaz Rodríguez', '1985-06-08', 'Masculino', '3121602010', 'ricardo.diaz155@example.test', 'EPS010', 'Cali', 'Media', 'Pendiente', '2026-07-07 12:07:00', '2026-07-09 14:56:00'),
	(156, 'TI', '185408477', 'Luisa Giraldo Silva', '2008-12-26', 'Femenino', '3147916430', 'luisa.giraldo156@example.test', 'EPS001', 'Cali', 'Media', 'En atención', '2026-05-03 06:40:00', '2026-05-10 14:55:00'),
	(157, 'CC', '516709116', 'Felipe Muñoz Martínez', '1977-05-12', 'Masculino', '3178701623', 'felipe.munoz157@example.test', 'EPS007', 'Jamundí', 'Baja', 'En atención', '2026-04-08 21:43:00', '2026-07-01 06:17:00'),
	(158, 'CC', '795118434', 'Juan Hernández Romero', '2000-05-27', 'Masculino', '3203005357', 'juan.hernandez158@example.test', 'EPS009', 'Cartago', 'Alta', 'Atendido', '2026-04-15 15:06:00', '2026-07-09 16:03:00'),
	(159, 'CC', '1110572330', 'Sara Ramírez Ospina', '1980-01-28', 'Femenino', '3165150743', 'sara.ramirez159@example.test', 'EPS005', 'Cali', 'Baja', 'Pendiente', '2026-04-24 21:25:00', '2026-04-27 15:50:00'),
	(160, 'CC', '1069937243', 'Alejandro David Ortiz García', '1977-03-17', 'Masculino', '3027221955', 'alejandro.ortiz160@example.test', 'EPS002', 'Jamundí', 'Baja', 'Pendiente', '2026-05-18 23:04:00', '2026-05-24 16:57:00'),
	(161, 'CC', '144173295', 'Alejandra Rojas Valencia', '1985-07-22', 'Femenino', '3182183489', 'alejandra.rojas161@example.test', 'EPS006', 'Palmira', 'Baja', 'Atendido', '2026-03-23 03:06:00', '2026-06-08 22:20:00'),
	(162, 'CC', '1001708441', 'Felipe González Díaz', '1975-01-07', 'Masculino', '3166716050', 'felipe.gonzalez162@example.test', 'EPS006', 'Tuluá', 'Baja', 'En atención', '2026-03-19 16:12:00', '2026-04-05 20:08:00'),
	(163, 'CC', '61487652', 'Gabriela Pérez Quintero', '1946-09-07', 'Femenino', '3013497526', 'gabriela.perez163@example.test', 'EPS003', 'Tuluá', 'Baja', 'Atendido', '2026-06-07 09:16:00', '2026-06-11 15:26:00'),
	(164, 'CC', '895193467', 'Cristian Moreno Castro', '1969-09-03', 'Masculino', '3017442080', 'cristian.moreno164@example.test', 'EPS009', 'Palmira', 'Media', 'Pendiente', '2026-05-17 12:46:00', '2026-06-06 16:24:00'),
	(165, 'CC', '736979307', 'Juan Romero Moreno', '2002-04-23', 'Masculino', '3205393538', 'juan.romero165@example.test', 'EPS010', 'Yumbo', 'Media', 'Atendido', '2026-03-25 23:09:00', '2026-06-12 16:21:00'),
	(166, 'CC', '531459901', 'Sebastián Esteban Giraldo Pérez', '1976-12-25', 'Masculino', '3106699563', 'sebastian.giraldo166@example.test', 'EPS008', 'Cartago', 'Baja', 'Atendido', '2026-04-14 11:50:00', '2026-05-09 15:08:00'),
	(167, 'CC', '565802593', 'José Castaño Cárdenas', '1979-11-11', 'Masculino', '3052165261', 'jose.castano167@example.test', 'EPS009', 'Buga', 'Media', 'Atendido', '2026-04-16 07:35:00', '2026-05-13 08:41:00'),
	(168, 'CE', '685357447', 'David Restrepo Martínez', '1981-11-07', 'Masculino', '3055799820', 'david.restrepo168@example.test', 'EPS006', 'Yumbo', 'Baja', 'Atendido', '2026-04-18 15:50:00', '2026-06-13 06:10:00'),
	(169, 'CC', '640353013', 'Valentina Andrea Vargas Álvarez', '1975-05-06', 'Femenino', '3163976034', 'valentina.vargas169@example.test', 'EPS006', 'Tuluá', 'Alta', 'Pendiente', '2026-05-13 06:50:00', '2026-07-03 04:39:00'),
	(170, 'CC', '1035342655', 'Andrea González Giraldo', '1996-03-31', 'Femenino', '3019488151', 'andrea.gonzalez170@example.test', 'EPS009', 'Cartago', 'Baja', 'Atendido', '2026-07-03 18:27:00', '2026-07-05 07:36:00'),
	(171, 'CC', '743362219', 'José Ruiz Valencia', '1969-06-26', 'Masculino', '3215895500', 'jose.ruiz171@example.test', 'EPS005', 'Cartago', 'Media', 'En atención', '2026-06-09 15:31:00', '2026-07-04 03:35:00'),
	(172, 'CC', '377732359', 'Juan Andrés Silva Castro', '1975-05-04', 'Masculino', '3225699962', 'juan.silva172@example.test', 'EPS003', 'Jamundí', 'Media', 'En atención', '2026-04-26 14:18:00', '2026-06-16 22:58:00'),
	(173, 'CC', '731022591', 'Gabriela Hernández Díaz', '1993-11-01', 'Femenino', '3022641487', 'gabriela.hernandez173@example.test', 'EPS006', 'Tuluá', 'Media', 'Pendiente', '2026-04-19 18:53:00', '2026-06-15 16:33:00'),
	(174, 'CC', '157135556', 'Camila Quintero López', '1981-12-27', 'Femenino', '3185539921', 'camila.quintero174@example.test', 'EPS005', 'Jamundí', 'Media', 'Pendiente', '2026-03-29 15:34:00', '2026-06-11 15:55:00'),
	(175, 'CC', '535643865', 'Natalia Carolina Silva Pérez', '1987-02-18', 'Femenino', '3184672998', 'natalia.silva175@example.test', 'EPS002', 'Tuluá', 'Baja', 'En atención', '2026-03-17 18:16:00', '2026-04-16 12:11:00'),
	(176, 'CC', '1189683419', 'Natalia Isabella Rojas Restrepo', '1994-10-30', 'Femenino', '3118843098', 'natalia.rojas176@example.test', 'EPS007', 'Tuluá', 'Baja', 'En atención', '2026-07-03 19:26:00', '2026-07-07 15:46:00'),
	(177, 'CC', '272053046', 'Santiago Ramírez Giraldo', '2000-08-30', 'Masculino', '3157696274', 'santiago.ramirez177@example.test', 'EPS010', 'Cartago', 'Baja', 'Atendido', '2026-03-15 03:30:00', '2026-04-28 16:45:00'),
	(178, 'TI', '869969364', 'Esteban Tomás Valencia López', '2022-03-11', 'Masculino', '3012715389', 'esteban.valencia178@example.test', 'EPS004', 'Palmira', 'Baja', 'Pendiente', '2026-04-06 06:22:00', '2026-04-17 01:07:00'),
	(179, 'CC', '810978067', 'Luisa García Giraldo', '1980-02-26', 'Femenino', '3199090707', 'luisa.garcia179@example.test', 'EPS007', 'Tuluá', 'Baja', 'En atención', '2026-06-27 13:36:00', '2026-06-30 18:25:00'),
	(180, 'CC', '442719311', 'Ana Castro Castaño', '1999-11-27', 'Femenino', '3106895699', 'ana.castro180@example.test', 'EPS009', 'Jamundí', 'Baja', 'En atención', '2026-05-24 00:49:00', '2026-06-01 08:47:00'),
	(181, 'CC', '1054611929', 'Catalina Ruiz Valencia', '1968-09-23', 'Femenino', '3152301107', 'catalina.ruiz181@example.test', 'EPS006', 'Cali', 'Baja', 'En atención', '2026-05-30 15:48:00', '2026-06-20 02:46:00'),
	(182, 'CC', '79048319', 'Cristian Ruiz Vargas', '1988-03-05', 'Masculino', '3206099183', 'cristian.ruiz182@example.test', 'EPS009', 'Yumbo', 'Alta', 'Pendiente', '2026-03-28 06:29:00', '2026-06-26 16:18:00'),
	(183, 'CC', '641751600', 'María Castro Álvarez', '1985-11-22', 'Femenino', '3176324982', 'maria.castro183@example.test', 'EPS007', 'Buga', 'Baja', 'Atendido', '2026-05-01 07:00:00', '2026-05-02 02:16:00'),
	(184, 'CC', '416889094', 'Alejandra Sánchez González', '1966-09-26', 'Femenino', '3011576936', 'alejandra.sanchez184@example.test', 'EPS010', 'Buga', 'Baja', 'Pendiente', '2026-05-09 18:49:00', '2026-07-08 16:44:00'),
	(185, 'CC', '1127997780', 'Felipe Cristian Hernández Vargas', '1989-09-08', 'Masculino', '3116292922', 'felipe.hernandez185@example.test', 'EPS007', 'Buga', 'Baja', 'Atendido', '2026-05-03 14:16:00', '2026-06-22 09:14:00'),
	(186, 'CC', '261561990', 'Catalina Álvarez Moreno', '1972-03-10', 'Femenino', '3103877495', 'catalina.alvarez186@example.test', 'EPS001', 'Tuluá', 'Alta', 'Atendido', '2026-07-07 08:14:00', '2026-07-09 23:19:00'),
	(187, 'CC', '526139357', 'Daniela González García', '2003-06-24', 'Femenino', '3181661652', 'daniela.gonzalez187@example.test', 'EPS010', 'Cartago', 'Media', 'Pendiente', '2026-06-03 11:05:00', '2026-06-10 06:55:00'),
	(188, 'CE', '700260673', 'Carolina Valentina Silva Valencia', '1986-05-22', 'Femenino', '3152805898', 'carolina.silva188@example.test', 'EPS002', 'Palmira', 'Media', 'Pendiente', '2026-04-17 05:29:00', '2026-04-21 22:35:00'),
	(189, 'CC', '1108618745', 'Santiago Ramírez Rojas', '1984-05-06', 'Prefiere no informar', '3185707312', 'santiago.ramirez189@example.test', 'EPS002', 'Buga', 'Media', 'Atendido', '2026-05-12 01:49:00', '2026-05-18 04:17:00'),
	(190, 'TI', '344998955', 'Sebastián Santiago Álvarez Castro', '2013-02-18', 'Masculino', '3228936397', 'sebastian.alvarez190@example.test', 'EPS005', 'Cartago', 'Media', 'Pendiente', '2026-04-29 11:49:00', '2026-05-04 16:07:00'),
	(191, 'CC', '1084606603', 'Andrés Restrepo Ortiz', '1989-02-11', 'Masculino', '3107640516', 'andres.restrepo191@example.test', 'EPS002', 'Tuluá', 'Baja', 'Pendiente', '2026-07-05 14:24:00', '2026-07-07 09:47:00'),
	(192, 'CE', '236289971', 'Catalina Hernández González', '2007-01-23', 'Femenino', '3186616472', 'catalina.hernandez192@example.test', 'EPS009', 'Yumbo', 'Alta', 'Atendido', '2026-04-13 17:03:00', '2026-06-27 15:57:00'),
	(193, 'CC', '320271456', 'Alejandra Giraldo Romero', '1992-03-19', 'Femenino', '3207046736', 'alejandra.giraldo193@example.test', 'EPS004', 'Tuluá', 'Baja', 'En atención', '2026-06-20 22:27:00', '2026-07-03 06:44:00'),
	(194, 'CC', '651635841', 'Juliana González Díaz', '1976-04-02', 'Femenino', '3141387048', 'juliana.gonzalez194@example.test', 'EPS003', 'Tuluá', 'Media', 'Pendiente', '2026-04-12 18:26:00', '2026-04-13 01:19:00'),
	(195, 'CC', '606018321', 'María Ana García Castro', '1966-10-04', 'Femenino', '3136215876', 'maria.garcia195@example.test', 'EPS003', 'Jamundí', 'Media', 'En atención', '2026-05-27 04:45:00', '2026-07-02 06:46:00'),
	(196, 'CC', '408394004', 'Esteban Miguel Restrepo Hernández', '1978-03-12', 'Masculino', '3045164121', 'esteban.restrepo196@example.test', 'EPS003', 'Buga', 'Media', 'Atendido', '2026-03-14 05:29:00', '2026-04-10 13:10:00'),
	(197, 'CC', '174559412', 'Jorge Ortiz Ramírez', '1978-02-17', 'Masculino', '3008687382', 'jorge.ortiz197@example.test', 'EPS005', 'Yumbo', 'Baja', 'En atención', '2026-04-25 08:08:00', '2026-06-01 21:53:00'),
	(198, 'CC', '465856953', 'Paula Catalina Ospina Hernández', '1968-06-06', 'Femenino', '3058510130', 'paula.ospina198@example.test', 'EPS006', 'Buga', 'Media', 'Pendiente', '2026-04-19 23:23:00', '2026-06-27 03:27:00'),
	(199, 'CC', '541618175', 'Daniel Santiago Castro Restrepo', '2000-04-28', 'Masculino', '3163289036', 'daniel.castro199@example.test', 'EPS005', 'Cartago', 'Media', 'Atendido', '2026-06-25 21:05:00', '2026-07-08 18:06:00'),
	(200, 'CC', '283314146', 'Santiago Torres Sánchez', '1993-10-19', 'Masculino', '3017925628', 'santiago.torres200@example.test', 'EPS001', 'Palmira', 'Media', 'Pendiente', '2026-05-18 05:04:00', '2026-06-25 01:52:00'),
	(201, 'CC', '411823224', 'Tomás Mateo Silva Sánchez', '1989-05-12', 'Masculino', '3213758623', 'tomas.silva201@example.test', 'EPS010', 'Buga', 'Media', 'Pendiente', '2026-07-08 17:45:00', '2026-07-09 00:46:00'),
	(202, 'CC', '117395329', 'Andrés Álvarez Jiménez', '1988-05-01', 'Masculino', '3192813396', 'andres.alvarez202@example.test', 'EPS004', 'Tuluá', 'Media', 'Atendido', '2026-05-01 08:13:00', '2026-05-31 09:18:00'),
	(203, 'CC', '1118597310', 'Paula Ruiz Mendoza', '1988-10-07', 'Femenino', '3155438703', 'paula.ruiz203@example.test', 'EPS005', 'Buga', 'Alta', 'Atendido', '2026-06-12 22:29:00', '2026-06-17 22:50:00'),
	(204, 'CC', '661617533', 'Sara Ana Mendoza Castaño', '1947-01-09', 'Femenino', '3143148849', 'sara.mendoza204@example.test', 'EPS002', 'Tuluá', 'Media', 'Pendiente', '2026-05-05 01:28:00', '2026-06-29 17:39:00'),
	(205, 'CC', '1066425475', 'Samuel Muñoz Rodríguez', '1980-11-02', 'Masculino', '3229704346', 'samuel.munoz205@example.test', 'EPS001', 'Buga', 'Media', 'Atendido', '2026-04-20 22:05:00', '2026-06-03 12:51:00'),
	(206, 'CC', '136728215', 'Camila Torres Álvarez', '1996-07-08', 'Femenino', '3105589836', 'camila.torres206@example.test', 'EPS009', 'Cali', 'Media', 'Atendido', '2026-06-25 17:04:00', '2026-07-03 01:37:00'),
	(207, 'CC', '36944293', 'Santiago Sánchez Romero', '1990-03-04', 'Masculino', '3135159447', 'santiago.sanchez207@example.test', 'EPS002', 'Tuluá', 'Media', 'Pendiente', '2026-06-07 20:35:00', '2026-06-21 07:25:00'),
	(208, 'CC', '530127909', 'Alejandra García Martínez', '1990-11-02', 'Femenino', '3025634535', 'alejandra.garcia208@example.test', 'EPS003', 'Buga', 'Baja', 'Atendido', '2026-05-15 02:31:00', '2026-05-21 12:23:00'),
	(209, 'CC', '301869618', 'Mateo Quintero Mendoza', '1947-09-08', 'Masculino', '3175178992', 'mateo.quintero209@example.test', 'EPS004', 'Cali', 'Baja', 'Atendido', '2026-06-06 07:58:00', '2026-06-16 19:23:00'),
	(210, 'CC', '386480726', 'Alejandro Ruiz Giraldo', '1992-12-19', 'Masculino', '3216941261', 'alejandro.ruiz210@example.test', 'EPS005', 'Jamundí', 'Alta', 'Pendiente', '2026-05-04 19:08:00', '2026-06-16 02:10:00'),
	(211, 'CC', '199296592', 'Daniel Rojas López', '1955-11-12', 'Masculino', '3209265896', 'daniel.rojas211@example.test', 'EPS006', 'Buga', 'Baja', 'Pendiente', '2026-05-27 19:08:00', '2026-06-20 00:28:00'),
	(212, 'CC', '744009785', 'Mateo Hernández Moreno', '1983-02-12', 'Masculino', '3209276724', 'mateo.hernandez212@example.test', 'EPS005', 'Jamundí', 'Media', 'En atención', '2026-04-15 11:29:00', '2026-04-24 18:12:00'),
	(213, 'CC', '701932220', 'Santiago Tomás Silva Ruiz', '1958-01-02', 'Masculino', '3152128913', 'santiago.silva213@example.test', 'EPS009', 'Tuluá', 'Media', 'Pendiente', '2026-03-14 08:01:00', '2026-03-20 15:42:00'),
	(214, 'CC', '828342087', 'Julián Nicolás Moreno García', '2008-06-27', 'Masculino', '3177842660', 'julian.moreno214@example.test', 'EPS001', 'Tuluá', 'Media', 'Atendido', '2026-04-04 14:08:00', '2026-04-05 06:38:00'),
	(215, 'CC', '112385940', 'Isabella Cárdenas Silva', '1979-06-27', 'Femenino', '3223343894', 'isabella.cardenas215@example.test', 'EPS006', 'Cali', 'Alta', 'Atendido', '2026-06-02 06:00:00', '2026-06-05 14:35:00'),
	(216, 'CC', '645739218', 'Santiago Vargas Hernández', '1944-08-06', 'Masculino', '3175076248', 'santiago.vargas216@example.test', 'EPS010', 'Cartago', 'Alta', 'Atendido', '2026-04-08 09:24:00', '2026-07-02 13:57:00'),
	(217, 'CC', '898831554', 'Alejandro David Quintero Díaz', '1987-07-08', 'Masculino', '3169577834', 'alejandro.quintero217@example.test', 'EPS008', 'Palmira', 'Alta', 'Atendido', '2026-06-13 03:34:00', '2026-06-23 12:51:00'),
	(218, 'CC', '748763369', 'Samuel Restrepo Díaz', '1997-06-06', 'Masculino', '3182517943', 'samuel.restrepo218@example.test', 'EPS008', 'Jamundí', 'Media', 'Pendiente', '2026-04-13 03:18:00', '2026-05-20 22:38:00'),
	(219, 'CC', '680745687', 'Julián Rojas Sánchez', '1994-06-26', 'Masculino', '3041366750', 'julian.rojas219@example.test', 'EPS004', 'Palmira', 'Baja', 'En atención', '2026-07-05 00:30:00', '2026-07-08 17:56:00'),
	(220, 'CC', '285005457', 'Valentina Muñoz Quintero', '1969-07-09', 'Femenino', '3146241228', 'valentina.munoz220@example.test', 'EPS006', 'Yumbo', 'Baja', 'Pendiente', '2026-05-13 03:05:00', '2026-05-31 11:25:00'),
	(221, 'CC', '13161110', 'Carolina Romero Álvarez', '1966-11-08', 'Femenino', '3014749390', 'carolina.romero221@example.test', 'EPS001', 'Jamundí', 'Alta', 'Pendiente', '2026-03-22 21:24:00', '2026-06-10 23:23:00'),
	(222, 'CE', '498655960', 'Alejandro Rojas Restrepo', '1980-10-15', 'Masculino', '3115926284', 'alejandro.rojas222@example.test', 'EPS007', 'Palmira', 'Baja', 'En atención', '2026-06-04 03:26:00', '2026-06-05 07:00:00'),
	(223, 'CC', '1146787124', 'Carlos Muñoz Ortiz', '1960-09-05', 'Masculino', '3006308789', 'carlos.munoz223@example.test', 'EPS001', 'Palmira', 'Media', 'Pendiente', '2026-05-07 18:43:00', '2026-05-15 16:00:00'),
	(224, 'TI', '120119940', 'Cristian García Jiménez', '2009-10-01', 'Masculino', '3059115473', 'cristian.garcia224@example.test', 'EPS010', 'Yumbo', 'Baja', 'Atendido', '2026-06-30 07:43:00', '2026-07-09 07:50:00'),
	(225, 'CC', '627530091', 'Natalia Castro Torres', '1990-06-28', 'Femenino', '3025552175', 'natalia.castro225@example.test', 'EPS008', 'Tuluá', 'Media', 'Atendido', '2026-03-19 18:52:00', '2026-06-11 07:03:00'),
	(226, 'CC', '242276506', 'Alejandra Quintero Vargas', '1995-12-28', 'Femenino', '3163937549', 'alejandra.quintero226@example.test', 'EPS004', 'Buga', 'Baja', 'En atención', '2026-03-24 10:03:00', '2026-06-11 14:30:00'),
	(227, 'CC', '442483887', 'Andrea Jiménez Torres', '1993-11-01', 'Femenino', '3206751832', 'andrea.jimenez227@example.test', 'EPS003', 'Yumbo', 'Baja', 'Atendido', '2026-05-28 19:49:00', '2026-06-19 21:12:00'),
	(228, 'CC', '983036765', 'Sofía Vargas Romero', '1982-12-28', 'Femenino', '3196317345', 'sofia.vargas228@example.test', 'EPS002', 'Palmira', 'Baja', 'Pendiente', '2026-03-25 14:40:00', '2026-03-29 17:22:00'),
	(229, 'CC', '466474035', 'Isabella Valencia Martínez', '1983-02-05', 'Femenino', '3169780232', 'isabella.valencia229@example.test', 'EPS004', 'Palmira', 'Baja', 'Atendido', '2026-06-28 08:33:00', '2026-07-05 13:42:00'),
	(230, 'CC', '897872709', 'Jorge Martínez Ortiz', '1986-11-22', 'Masculino', '3123161631', 'jorge.martinez230@example.test', 'EPS001', 'Palmira', 'Baja', 'En atención', '2026-07-04 05:58:00', '2026-07-07 05:24:00'),
	(231, 'CC', '152391916', 'Daniel Rojas Quintero', '1995-09-15', 'Masculino', '3011357818', 'daniel.rojas231@example.test', 'EPS010', 'Buga', 'Media', 'Atendido', '2026-04-13 00:15:00', '2026-05-18 11:54:00'),
	(232, 'CC', '1034186693', 'Gabriela Quintero Martínez', '1959-06-10', 'Femenino', '3155359816', 'gabriela.quintero232@example.test', 'EPS006', 'Jamundí', 'Baja', 'Atendido', '2026-07-07 00:25:00', '2026-07-09 13:13:00'),
	(233, 'CC', '1194093801', 'Luisa Mendoza Pérez', '1983-03-09', 'Femenino', '3179209827', 'luisa.mendoza233@example.test', 'EPS006', 'Palmira', 'Baja', 'Pendiente', '2026-05-11 20:26:00', '2026-05-16 13:36:00'),
	(234, 'CC', '574243686', 'David Valencia García', '1968-12-13', 'Prefiere no informar', '3205021525', 'david.valencia234@example.test', 'EPS003', 'Cartago', 'Baja', 'Pendiente', '2026-06-25 11:32:00', '2026-07-03 13:33:00'),
	(235, 'CC', '1046625312', 'Luisa Álvarez Ortiz', '1986-03-24', 'Femenino', '3141234194', 'luisa.alvarez235@example.test', 'EPS004', 'Jamundí', 'Media', 'Pendiente', '2026-03-19 08:15:00', '2026-04-15 04:54:00'),
	(236, 'CC', '1092281528', 'Valentina Andrea Silva Muñoz', '1987-09-06', 'Femenino', '3003738455', 'valentina.silva236@example.test', 'EPS007', 'Cartago', 'Media', 'Atendido', '2026-03-24 08:29:00', '2026-04-26 05:46:00'),
	(237, 'CC', '89579608', 'José Quintero Ospina', '2005-05-24', 'Masculino', '3144841620', 'jose.quintero237@example.test', 'EPS004', 'Cartago', 'Alta', 'En atención', '2026-05-29 02:03:00', '2026-07-03 04:33:00'),
	(238, 'CC', '913705711', 'Sofía Daniela Cárdenas Pérez', '1989-05-31', 'Femenino', '3226078670', 'sofia.cardenas238@example.test', 'EPS005', 'Cartago', 'Media', 'Atendido', '2026-06-01 13:14:00', '2026-06-21 21:21:00'),
	(239, 'CC', '103121100', 'Alejandra Valencia Martínez', '1967-04-05', 'Femenino', '3124735566', 'alejandra.valencia239@example.test', 'EPS009', 'Tuluá', 'Media', 'Pendiente', '2026-04-29 11:02:00', '2026-05-14 23:02:00'),
	(240, 'CC', '529002268', 'Daniela Mendoza Ortiz', '2004-06-23', 'Femenino', '3218135144', 'daniela.mendoza240@example.test', 'EPS007', 'Tuluá', 'Baja', 'Atendido', '2026-05-28 04:48:00', '2026-06-22 03:55:00'),
	(241, 'CE', '993363333', 'Santiago Castro Muñoz', '1997-01-29', 'Masculino', '3125609759', 'santiago.castro241@example.test', 'EPS003', 'Cali', 'Media', 'Atendido', '2026-06-12 18:44:00', '2026-06-29 17:31:00'),
	(242, 'CC', '678608107', 'Alejandro Romero Sánchez', '1987-01-26', 'Masculino', '3169057806', 'alejandro.romero242@example.test', 'EPS006', 'Yumbo', 'Media', 'Pendiente', '2026-05-31 19:16:00', '2026-06-10 09:04:00'),
	(243, 'CC', '455580710', 'David Pérez Sánchez', '1949-07-30', 'Masculino', '3126865503', 'david.perez243@example.test', 'EPS004', 'Yumbo', 'Media', 'Atendido', '2026-06-10 00:00:00', '2026-06-16 07:40:00'),
	(244, 'TI', '861126424', 'Diana Restrepo Díaz', '2011-11-06', 'Femenino', '3009835431', 'diana.restrepo244@example.test', 'EPS004', 'Palmira', 'Media', 'Atendido', '2026-04-07 21:00:00', '2026-07-04 12:49:00'),
	(245, 'CC', '1135675572', 'Sebastián López Torres', '1985-04-04', 'Masculino', '3054996263', 'sebastian.lopez245@example.test', 'EPS001', 'Tuluá', 'Media', 'Pendiente', '2026-04-17 18:53:00', '2026-06-18 22:23:00'),
	(246, 'CC', '216854219', 'Alejandra Torres Castro', '1983-07-04', 'Femenino', '3166859365', 'alejandra.torres246@example.test', 'EPS005', 'Yumbo', 'Baja', 'Atendido', '2026-04-28 12:59:00', '2026-05-03 15:17:00'),
	(247, 'CC', '393154569', 'Mateo Cárdenas Muñoz', '1978-10-13', 'Masculino', '3156027264', 'mateo.cardenas247@example.test', 'EPS004', 'Jamundí', 'Media', 'Pendiente', '2026-06-23 16:43:00', '2026-06-30 02:55:00'),
	(248, 'CC', '270152336', 'Juliana Andrea Ospina Jiménez', '1988-05-23', 'Femenino', '3007222972', 'juliana.ospina248@example.test', 'EPS003', 'Palmira', 'Baja', 'Pendiente', '2026-05-22 20:16:00', '2026-07-04 19:27:00'),
	(249, 'CC', '910524372', 'Sofía Ana Castro Torres', '1986-12-06', 'Femenino', '3182550648', 'sofia.castro249@example.test', 'EPS009', 'Cali', 'Alta', 'En atención', '2026-04-20 14:41:00', '2026-05-10 11:58:00'),
	(250, 'CC', '1012633540', 'Catalina Romero Ramírez', '1958-08-18', 'Femenino', '3165674619', 'catalina.romero250@example.test', 'EPS008', 'Tuluá', 'Media', 'Atendido', '2026-04-01 06:01:00', '2026-05-19 08:25:00'),
	(251, 'CC', '854934231', 'Gabriela Valencia Romero', '1986-07-12', 'Femenino', '3191270701', 'gabriela.valencia251@example.test', 'EPS006', 'Tuluá', 'Media', 'Atendido', '2026-06-07 15:30:00', '2026-06-14 08:04:00'),
	(252, 'CC', '152856565', 'Diana Romero Cárdenas', '1976-07-29', 'Femenino', '3128622515', 'diana.romero252@example.test', 'EPS008', 'Cali', 'Media', 'Atendido', '2026-04-05 01:32:00', '2026-06-15 12:04:00'),
	(253, 'TI', '323581038', 'Julián Moreno Mendoza', '2015-01-30', 'Masculino', '3007703882', 'julian.moreno253@example.test', 'EPS001', 'Jamundí', 'Alta', 'Atendido', '2026-04-15 20:45:00', '2026-05-08 19:56:00'),
	(254, 'CC', '1008624492', 'Diana Giraldo Valencia', '2000-04-09', 'Femenino', '3001617279', 'diana.giraldo254@example.test', 'EPS002', 'Cartago', 'Baja', 'Atendido', '2026-07-05 08:23:00', '2026-07-09 23:28:00'),
	(255, 'CC', '228985027', 'Santiago Esteban Ortiz Castaño', '1969-10-06', 'Masculino', '3112276379', 'santiago.ortiz255@example.test', 'EPS001', 'Jamundí', 'Media', 'Pendiente', '2026-05-07 07:47:00', '2026-05-09 00:44:00'),
	(256, 'CC', '809520773', 'Luisa García Castro', '1985-04-10', 'Femenino', '3117354073', 'luisa.garcia256@example.test', 'EPS005', 'Cartago', 'Media', 'Atendido', '2026-03-29 21:10:00', '2026-05-28 15:45:00'),
	(257, 'CC', '387587952', 'María Ospina Muñoz', '1994-10-26', 'Femenino', '3167593520', 'maria.ospina257@example.test', 'EPS002', 'Cartago', 'Media', 'Atendido', '2026-05-02 05:16:00', '2026-07-06 08:36:00'),
	(258, 'CC', '673678264', 'Nicolás Hernández Díaz', '2001-01-14', 'Masculino', '3214456788', 'nicolas.hernandez258@example.test', 'EPS009', 'Jamundí', 'Alta', 'Atendido', '2026-03-21 10:15:00', '2026-03-31 06:31:00'),
	(259, 'CC', '721630364', 'Juan Silva García', '1950-02-05', 'Masculino', '3018426815', 'juan.silva259@example.test', 'EPS009', 'Palmira', 'Baja', 'En atención', '2026-06-12 16:30:00', '2026-06-16 07:46:00'),
	(260, 'TI', '1027550264', 'Julián Rodríguez Vargas', '2012-08-03', 'Masculino', '3057338264', 'julian.rodriguez260@example.test', 'EPS002', 'Cartago', 'Media', 'Pendiente', '2026-04-26 21:10:00', '2026-05-06 04:25:00'),
	(261, 'TI', '883265641', 'Sofía Rodríguez García', '2010-07-31', 'Femenino', '3225887060', 'sofia.rodriguez261@example.test', 'EPS006', 'Tuluá', 'Media', 'Pendiente', '2026-06-27 21:36:00', '2026-07-03 17:45:00'),
	(262, 'CC', '1180078594', 'Juan David Ruiz Giraldo', '1989-03-17', 'Masculino', '3196995780', 'juan.ruiz262@example.test', 'EPS008', 'Buga', 'Media', 'Atendido', '2026-07-03 06:48:00', '2026-07-04 00:01:00'),
	(263, 'CC', '522656325', 'María Castaño González', '1973-05-26', 'Femenino', '3019253228', 'maria.castano263@example.test', 'EPS006', 'Jamundí', 'Alta', 'Atendido', '2026-06-23 20:48:00', '2026-06-25 03:45:00'),
	(264, 'TI', '115649976', 'Diana García Ortiz', '2009-09-15', 'Femenino', '3129435357', 'diana.garcia264@example.test', 'EPS003', 'Cali', 'Media', 'Atendido', '2026-03-16 03:37:00', '2026-05-01 18:59:00'),
	(265, 'CC', '927589184', 'Tomás Romero Castro', '1961-11-06', 'Masculino', '3023872646', 'tomas.romero265@example.test', 'EPS007', 'Palmira', 'Baja', 'Atendido', '2026-04-08 10:07:00', '2026-06-19 16:47:00'),
	(266, 'CC', '918075257', 'Sofía Vargas Rodríguez', '1998-07-10', 'Femenino', '3158309025', 'sofia.vargas266@example.test', 'EPS006', 'Palmira', 'Media', 'En atención', '2026-06-23 09:01:00', '2026-06-27 02:26:00'),
	(267, 'CC', '667847684', 'Alejandro López Álvarez', '1995-12-08', 'Masculino', '3143779963', 'alejandro.lopez267@example.test', 'EPS010', 'Buga', 'Baja', 'Atendido', '2026-05-23 00:19:00', '2026-07-07 10:35:00'),
	(268, 'CC', '395232401', 'Laura Martínez Vargas', '1967-11-10', 'Femenino', '3025256900', 'laura.martinez268@example.test', 'EPS010', 'Tuluá', 'Media', 'Atendido', '2026-04-05 20:55:00', '2026-05-30 19:13:00'),
	(269, 'CC', '81947174', 'Manuela Romero Valencia', '1969-02-22', 'Femenino', '3151617493', 'manuela.romero269@example.test', 'EPS008', 'Palmira', 'Media', 'En atención', '2026-05-05 17:38:00', '2026-05-14 06:08:00'),
	(270, 'CC', '403506534', 'Cristian Castro Ospina', '1960-09-10', 'Masculino', '3195218580', 'cristian.castro270@example.test', 'EPS006', 'Cartago', 'Media', 'Atendido', '2026-04-10 22:50:00', '2026-04-16 16:49:00'),
	(271, 'CC', '1043500864', 'Carolina Laura Rojas López', '1962-09-04', 'Femenino', '3106222092', 'carolina.rojas271@example.test', 'EPS004', 'Buga', 'Baja', 'Atendido', '2026-05-12 04:07:00', '2026-06-12 03:41:00'),
	(272, 'CC', '751036057', 'Sofía Pérez Ramírez', '1950-11-27', 'Femenino', '3183892986', 'sofia.perez272@example.test', 'EPS003', 'Buga', 'Media', 'Atendido', '2026-04-09 07:42:00', '2026-06-27 09:33:00'),
	(273, 'CE', '35319183', 'María Rodríguez Ortiz', '1982-05-30', 'Femenino', '3112082087', 'maria.rodriguez273@example.test', 'EPS010', 'Yumbo', 'Alta', 'Atendido', '2026-04-09 14:32:00', '2026-04-14 05:53:00'),
	(274, 'CC', '660257791', 'Julián Cárdenas Sánchez', '1976-01-14', 'Masculino', '3183345906', 'julian.cardenas274@example.test', 'EPS005', 'Buga', 'Alta', 'En atención', '2026-04-01 04:06:00', '2026-06-10 15:46:00'),
	(275, 'CC', '471207325', 'Juliana Ramírez Ruiz', '1990-08-23', 'Femenino', '3194473794', 'juliana.ramirez275@example.test', 'EPS005', 'Yumbo', 'Baja', 'En atención', '2026-05-19 17:55:00', '2026-07-02 19:52:00'),
	(276, 'CC', '565391940', 'Paula Ramírez Giraldo', '1996-04-27', 'Femenino', '3107659024', 'paula.ramirez276@example.test', 'EPS010', 'Tuluá', 'Media', 'Atendido', '2026-04-03 03:52:00', '2026-05-23 23:20:00'),
	(277, 'CC', '541383310', 'Samuel Romero Ramírez', '1965-06-22', 'Masculino', '3228086618', 'samuel.romero277@example.test', 'EPS005', 'Tuluá', 'Media', 'Atendido', '2026-06-10 23:37:00', '2026-06-25 03:25:00'),
	(278, 'CC', '518435333', 'Samuel Vargas Ruiz', '1961-06-08', 'Masculino', '3156756215', 'samuel.vargas278@example.test', 'EPS005', 'Cartago', 'Baja', 'En atención', '2026-06-01 20:59:00', '2026-06-28 10:55:00'),
	(279, 'CC', '934788074', 'Samuel Torres Ramírez', '2008-04-20', 'Masculino', '3158505758', 'samuel.torres279@example.test', 'EPS002', 'Cartago', 'Media', 'En atención', '2026-04-17 04:44:00', '2026-04-29 13:42:00'),
	(280, 'CC', '1198567385', 'Sebastián Giraldo García', '1998-07-03', 'Masculino', '3128942627', 'sebastian.giraldo280@example.test', 'EPS005', 'Palmira', 'Media', 'Pendiente', '2026-06-14 02:09:00', '2026-06-30 08:02:00'),
	(281, 'CC', '127585044', 'Samuel Rojas Cárdenas', '1978-09-06', 'Masculino', '3215993044', 'samuel.rojas281@example.test', 'EPS010', 'Palmira', 'Baja', 'Pendiente', '2026-03-20 09:37:00', '2026-07-05 10:10:00'),
	(282, 'CC', '956184285', 'Gabriela Díaz Giraldo', '2005-03-26', 'Femenino', '3147105075', 'gabriela.diaz282@example.test', 'EPS005', 'Tuluá', 'Media', 'Pendiente', '2026-04-19 18:28:00', '2026-05-19 17:00:00'),
	(283, 'CC', '678996144', 'Santiago Silva Sánchez', '1993-12-19', 'Masculino', '3013104805', 'santiago.silva283@example.test', 'EPS007', 'Tuluá', 'Baja', 'Atendido', '2026-05-30 20:20:00', '2026-06-29 03:32:00'),
	(284, 'CC', '1191687982', 'José Muñoz López', '1990-06-30', 'Masculino', '3155203561', 'jose.munoz284@example.test', 'EPS002', 'Cali', 'Alta', 'Atendido', '2026-07-02 16:17:00', '2026-07-05 05:24:00'),
	(285, 'CC', '945687462', 'Andrés Muñoz Ortiz', '1993-08-30', 'Masculino', '3189931325', 'andres.munoz285@example.test', 'EPS009', 'Cartago', 'Baja', 'Atendido', '2026-06-03 04:17:00', '2026-06-27 06:44:00'),
	(286, 'CC', '281920847', 'Julián Jiménez Díaz', '2005-11-20', 'Masculino', '3209407083', 'julian.jimenez286@example.test', 'EPS004', 'Jamundí', 'Baja', 'Pendiente', '2026-03-27 07:08:00', '2026-04-24 08:28:00'),
	(287, 'CC', '182284969', 'Miguel Santiago Vargas Ortiz', '1996-04-12', 'Masculino', '3024855878', 'miguel.vargas287@example.test', 'EPS007', 'Jamundí', 'Baja', 'En atención', '2026-06-23 02:49:00', '2026-07-10 04:30:00'),
	(288, 'CC', '127365524', 'Santiago Álvarez Hernández', '1981-09-06', 'Masculino', '3011223096', 'santiago.alvarez288@example.test', 'EPS002', 'Jamundí', 'Media', 'Atendido', '2026-04-21 04:25:00', '2026-05-10 21:26:00'),
	(289, 'CC', '73332127', 'Juliana Isabella García Moreno', '1972-06-26', 'Femenino', '3188936271', 'juliana.garcia289@example.test', 'EPS007', 'Palmira', 'Media', 'Atendido', '2026-04-23 13:18:00', '2026-06-03 01:16:00'),
	(290, 'TI', '359709681', 'Alejandra Moreno Ramírez', '2010-12-29', 'Femenino', '3011593222', 'alejandra.moreno290@example.test', 'EPS010', 'Jamundí', 'Media', 'Atendido', '2026-06-28 07:28:00', '2026-06-30 10:52:00'),
	(291, 'CC', '398974487', 'Mateo Rojas Hernández', '1990-02-19', 'Masculino', '3198113357', 'mateo.rojas291@example.test', 'EPS009', 'Cartago', 'Alta', 'En atención', '2026-06-21 23:54:00', '2026-07-09 23:39:00'),
	(292, 'CC', '951250326', 'Carlos Castro Pérez', '1951-11-17', 'Masculino', '3047935384', 'carlos.castro292@example.test', 'EPS005', 'Tuluá', 'Baja', 'Pendiente', '2026-05-08 21:25:00', '2026-05-25 19:27:00'),
	(293, 'CC', '1161301630', 'Samuel González Jiménez', '2005-12-27', 'Masculino', '3206599189', 'samuel.gonzalez293@example.test', 'EPS005', 'Palmira', 'Media', 'Pendiente', '2026-04-07 09:42:00', '2026-04-30 23:25:00'),
	(294, 'CC', '583596762', 'José Esteban Muñoz Álvarez', '1978-11-22', 'Masculino', '3119720117', 'jose.munoz294@example.test', 'EPS004', 'Tuluá', 'Media', 'Pendiente', '2026-06-26 06:17:00', '2026-06-26 17:16:00'),
	(295, 'TI', '330499833', 'Nicolás Álvarez Torres', '2014-04-14', 'Otro', '3223572251', 'nicolas.alvarez295@example.test', 'EPS004', 'Tuluá', 'Media', 'Pendiente', '2026-05-22 06:45:00', '2026-06-04 23:49:00'),
	(296, 'CC', '1016558926', 'Santiago Ortiz Cárdenas', '1971-03-24', 'Prefiere no informar', '3157984235', 'santiago.ortiz296@example.test', 'EPS004', 'Cartago', 'Media', 'Pendiente', '2026-05-07 16:54:00', '2026-06-29 10:52:00'),
	(297, 'CC', '16561832', 'Gabriela Luisa Castro Giraldo', '2001-04-17', 'Femenino', '3147772439', 'gabriela.castro297@example.test', 'EPS010', 'Tuluá', 'Baja', 'En atención', '2026-04-09 12:30:00', '2026-05-05 06:15:00'),
	(298, 'CC', '136920003', 'Cristian Ramírez López', '2003-10-29', 'Masculino', '3177309141', 'cristian.ramirez298@example.test', 'EPS006', 'Cartago', 'Baja', 'Atendido', '2026-07-08 22:38:00', '2026-07-10 07:04:00'),
	(299, 'CE', '935287998', 'Juan Hernández Castro', '1991-05-05', 'Masculino', '3048108092', 'juan.hernandez299@example.test', 'EPS007', 'Yumbo', 'Baja', 'Atendido', '2026-06-09 18:06:00', '2026-06-21 20:37:00'),
	(300, 'CC', '1088520317', 'Tomás Ruiz Silva', '1969-01-21', 'Masculino', '3119182290', 'tomas.ruiz300@example.test', 'EPS010', 'Cali', 'Alta', 'Atendido', '2026-07-04 23:27:00', '2026-07-09 05:19:00'),
	(301, 'CC', '863193853', 'Juliana Ramírez Álvarez', '1945-10-03', 'Femenino', '3187591343', 'juliana.ramirez301@example.test', 'EPS004', 'Buga', 'Baja', 'Pendiente', '2026-04-28 01:48:00', '2026-05-08 22:06:00'),
	(302, 'CC', '876228409', 'Tomás Silva González', '1967-02-06', 'Masculino', '3008384678', 'tomas.silva302@example.test', 'EPS003', 'Yumbo', 'Alta', 'Atendido', '2026-05-04 05:20:00', '2026-05-26 15:31:00'),
	(303, 'CC', '195323468', 'Jorge Daniel Ortiz Giraldo', '1995-09-06', 'Masculino', '3199282317', 'jorge.ortiz303@example.test', 'EPS003', 'Cali', 'Media', 'Atendido', '2026-07-07 13:33:00', '2026-07-09 09:54:00'),
	(304, 'CC', '766401676', 'Juan Carlos García Vargas', '2005-12-31', 'Masculino', '3108416378', 'juan.garcia304@example.test', 'EPS006', 'Jamundí', 'Media', 'En atención', '2026-06-06 11:20:00', '2026-06-27 16:25:00'),
	(305, 'CC', '368357911', 'Carlos Vargas Rodríguez', '1999-08-05', 'Masculino', '3127847479', 'carlos.vargas305@example.test', 'EPS002', 'Palmira', 'Media', 'Pendiente', '2026-07-06 06:28:00', '2026-07-09 02:57:00'),
	(306, 'CC', '85091369', 'Diana Silva González', '1974-01-24', 'Femenino', '3112333624', 'diana.silva306@example.test', 'EPS010', 'Cali', 'Media', 'Pendiente', '2026-04-04 16:26:00', '2026-04-05 17:16:00'),
	(307, 'CC', '805981069', 'Julián Quintero Cárdenas', '1991-05-26', 'Masculino', '3016958758', 'julian.quintero307@example.test', 'EPS003', 'Palmira', 'Media', 'Atendido', '2026-05-16 08:45:00', '2026-07-05 15:30:00'),
	(308, 'CC', '678132459', 'Manuela Jiménez Romero', '1968-02-29', 'Femenino', '3192045121', 'manuela.jimenez308@example.test', 'EPS008', 'Cartago', 'Media', 'En atención', '2026-07-08 07:31:00', '2026-07-09 09:33:00'),
	(309, 'CC', '131947595', 'Nicolás Rodríguez López', '1961-07-14', 'Masculino', '3059524034', 'nicolas.rodriguez309@example.test', 'EPS001', 'Yumbo', 'Media', 'En atención', '2026-03-27 01:18:00', '2026-06-26 13:46:00'),
	(310, 'CC', '557936816', 'Carolina Quintero Moreno', '1951-04-27', 'Femenino', '3023998935', 'carolina.quintero310@example.test', 'EPS003', 'Yumbo', 'Baja', 'Atendido', '2026-06-07 06:50:00', '2026-06-26 14:40:00'),
	(311, 'CC', '1056588270', 'María Sánchez Pérez', '1982-03-12', 'Femenino', '3155471844', 'maria.sanchez311@example.test', 'EPS009', 'Yumbo', 'Media', 'Pendiente', '2026-05-10 06:34:00', '2026-05-17 22:32:00'),
	(312, 'CE', '968646787', 'Nicolás Romero Sánchez', '1994-08-24', 'Masculino', '3017229558', 'nicolas.romero312@example.test', 'EPS009', 'Cartago', 'Media', 'Atendido', '2026-07-03 23:22:00', '2026-07-07 10:09:00'),
	(313, 'CC', '751808336', 'Samuel Ortiz Castro', '1952-05-19', 'Masculino', '3041379963', 'samuel.ortiz313@example.test', 'EPS007', 'Jamundí', 'Baja', 'Pendiente', '2026-04-08 13:11:00', '2026-05-20 16:38:00'),
	(314, 'CC', '1116328346', 'Valentina Moreno Martínez', '1978-08-10', 'Femenino', '3045970386', 'valentina.moreno314@example.test', 'EPS006', 'Yumbo', 'Media', 'En atención', '2026-04-25 20:25:00', '2026-06-29 03:58:00'),
	(315, 'CC', '493547059', 'Sebastián Díaz Martínez', '1985-11-09', 'Masculino', '3118070734', 'sebastian.diaz315@example.test', 'EPS008', 'Palmira', 'Baja', 'Pendiente', '2026-03-27 13:14:00', '2026-04-17 19:29:00'),
	(316, 'CE', '185859280', 'Isabella Ortiz González', '1991-04-20', 'Femenino', '3184362524', 'isabella.ortiz316@example.test', 'EPS006', 'Buga', 'Media', 'Pendiente', '2026-06-22 05:10:00', '2026-06-26 03:40:00'),
	(317, 'CC', '998220053', 'Julián López Díaz', '1966-12-03', 'Masculino', '3225193478', 'julian.lopez317@example.test', 'EPS007', 'Yumbo', 'Media', 'Atendido', '2026-06-04 03:17:00', '2026-07-02 03:36:00'),
	(318, 'CC', '478238612', 'María Vargas Rodríguez', '1962-09-12', 'Femenino', '3141861140', 'maria.vargas318@example.test', 'EPS008', 'Cartago', 'Baja', 'En atención', '2026-06-26 10:13:00', '2026-07-08 02:58:00'),
	(319, 'CC', '116299482', 'Esteban Santiago Restrepo Valencia', '1943-01-31', 'Masculino', '3013249685', 'esteban.restrepo319@example.test', 'EPS002', 'Tuluá', 'Media', 'Atendido', '2026-05-21 17:39:00', '2026-07-09 20:46:00'),
	(320, 'CC', '136503724', 'Daniela Manuela Ruiz Rodríguez', '1999-10-25', 'Femenino', '3192431582', 'daniela.ruiz320@example.test', 'EPS008', 'Buga', 'Baja', 'Pendiente', '2026-07-05 20:48:00', '2026-07-06 10:47:00'),
	(321, 'CC', '294316785', 'Felipe Martínez García', '1991-10-18', 'Masculino', '3053532634', 'felipe.martinez321@example.test', 'EPS010', 'Jamundí', 'Alta', 'En atención', '2026-06-26 11:38:00', '2026-07-03 01:21:00'),
	(322, 'CC', '922591284', 'Ricardo Tomás Ospina Martínez', '1995-01-16', 'Masculino', '3152712775', 'ricardo.ospina322@example.test', 'EPS007', 'Cali', 'Media', 'Atendido', '2026-05-18 03:49:00', '2026-06-01 12:20:00'),
	(323, 'CC', '666588426', 'David Rojas Muñoz', '1985-10-29', 'Masculino', '3111228884', 'david.rojas323@example.test', 'EPS008', 'Yumbo', 'Baja', 'Atendido', '2026-05-22 03:13:00', '2026-05-26 18:02:00'),
	(324, 'CC', '78057132', 'Catalina Sánchez Muñoz', '1985-08-25', 'Femenino', '3207045527', 'catalina.sanchez324@example.test', 'EPS004', 'Yumbo', 'Baja', 'En atención', '2026-03-16 16:41:00', '2026-07-08 18:16:00'),
	(325, 'CC', '736011991', 'Juan Jorge Quintero Muñoz', '2001-01-22', 'Prefiere no informar', '3169240645', 'juan.quintero325@example.test', 'EPS008', 'Buga', 'Media', 'Atendido', '2026-06-08 02:51:00', '2026-06-14 19:59:00'),
	(326, 'CE', '551592144', 'Gabriela Isabella Cárdenas Rojas', '1966-03-08', 'Femenino', '3147116100', 'gabriela.cardenas326@example.test', 'EPS007', 'Palmira', 'Baja', 'Atendido', '2026-04-21 20:44:00', '2026-04-26 16:00:00'),
	(327, 'CC', '1087361574', 'Alejandro Rojas Díaz', '1974-11-15', 'Masculino', '3196821208', 'alejandro.rojas327@example.test', 'EPS001', 'Cali', 'Baja', 'En atención', '2026-06-05 11:41:00', '2026-06-26 12:38:00'),
	(328, 'CC', '937979036', 'Carlos Rodríguez Díaz', '1992-06-05', 'Masculino', '3007622728', 'carlos.rodriguez328@example.test', 'EPS004', 'Jamundí', 'Media', 'Pendiente', '2026-05-27 16:01:00', '2026-07-07 17:00:00'),
	(329, 'CC', '1135540132', 'Carolina Cárdenas Restrepo', '1989-07-17', 'Femenino', '3157200411', 'carolina.cardenas329@example.test', 'EPS004', 'Palmira', 'Media', 'Pendiente', '2026-05-21 10:02:00', '2026-06-22 08:36:00'),
	(330, 'CC', '625678415', 'Carlos Samuel Díaz Castaño', '1965-03-14', 'Masculino', '3131786517', 'carlos.diaz330@example.test', 'EPS005', 'Jamundí', 'Baja', 'Atendido', '2026-03-25 06:00:00', '2026-05-29 00:15:00'),
	(331, 'PA', '323109355', 'Andrea Martínez García', '1964-09-09', 'Femenino', '3229270073', 'andrea.martinez331@example.test', 'EPS003', 'Jamundí', 'Alta', 'En atención', '2026-03-19 01:21:00', '2026-05-10 10:17:00'),
	(332, 'CC', '415662672', 'Carolina Muñoz Ospina', '1987-11-07', 'Femenino', '3023393633', 'carolina.munoz332@example.test', 'EPS002', 'Yumbo', 'Media', 'Pendiente', '2026-04-23 11:10:00', '2026-04-30 16:49:00'),
	(333, 'CC', '81194473', 'Sofía Ramírez Mendoza', '2000-03-25', 'Femenino', '3182253817', 'sofia.ramirez333@example.test', 'EPS008', 'Cartago', 'Baja', 'Atendido', '2026-07-09 20:13:00', '2026-07-09 23:47:00'),
	(334, 'CC', '492647779', 'Catalina Valencia Díaz', '2001-01-12', 'Femenino', '3052590672', 'catalina.valencia334@example.test', 'EPS009', 'Yumbo', 'Alta', 'Pendiente', '2026-06-04 10:17:00', '2026-06-10 18:27:00'),
	(335, 'CC', '669885347', 'Santiago Díaz Castro', '1981-12-18', 'Masculino', '3132038376', 'santiago.diaz335@example.test', 'EPS010', 'Jamundí', 'Alta', 'Pendiente', '2026-04-15 18:21:00', '2026-05-20 02:29:00'),
	(336, 'CC', '144611697', 'Samuel Ospina Valencia', '1987-01-01', 'Masculino', '3138275115', 'samuel.ospina336@example.test', 'EPS004', 'Jamundí', 'Media', 'Pendiente', '2026-06-23 19:42:00', '2026-06-26 16:22:00'),
	(337, 'CC', '625164272', 'Diana Rodríguez Cárdenas', '1972-06-18', 'Femenino', '3205541128', 'diana.rodriguez337@example.test', 'EPS001', 'Cali', 'Media', 'Atendido', '2026-03-30 16:51:00', '2026-06-16 20:41:00'),
	(338, 'CC', '500843145', 'Santiago García Muñoz', '1959-02-16', 'Masculino', '3027805483', 'santiago.garcia338@example.test', 'EPS002', 'Cartago', 'Baja', 'Atendido', '2026-03-23 07:13:00', '2026-07-05 18:59:00'),
	(339, 'CC', '267727617', 'Ana Natalia González Moreno', '1984-03-15', 'Femenino', '3043630974', 'ana.gonzalez339@example.test', 'EPS009', 'Jamundí', 'Baja', 'Atendido', '2026-04-26 16:34:00', '2026-06-27 20:25:00'),
	(340, 'CC', '1141953971', 'Santiago Hernández Pérez', '1977-05-06', 'Masculino', '3138985685', 'santiago.hernandez340@example.test', 'EPS007', 'Buga', 'Baja', 'Atendido', '2026-05-01 00:32:00', '2026-07-04 06:48:00'),
	(341, 'CC', '462940828', 'Carolina Castaño Ortiz', '2004-11-17', 'Femenino', '3114524851', 'carolina.castano341@example.test', 'EPS007', 'Cartago', 'Media', 'Pendiente', '2026-07-10 03:26:00', '2026-07-10 04:15:00'),
	(342, 'CC', '215444493', 'Camila Valencia Quintero', '2000-08-17', 'Femenino', '3172084505', 'camila.valencia342@example.test', 'EPS005', 'Yumbo', 'Media', 'Atendido', '2026-04-03 10:08:00', '2026-04-06 00:55:00'),
	(343, 'TI', '716475402', 'Sofía Silva Restrepo', '2017-06-14', 'Femenino', '3019965856', 'sofia.silva343@example.test', 'EPS001', 'Yumbo', 'Baja', 'Atendido', '2026-05-26 03:47:00', '2026-06-27 07:03:00'),
	(344, 'CC', '1127756915', 'Daniela López Muñoz', '1941-03-07', 'Femenino', '3181381853', 'daniela.lopez344@example.test', 'EPS003', 'Palmira', 'Baja', 'Pendiente', '2026-04-20 18:08:00', '2026-04-23 19:10:00'),
	(345, 'TI', '80582491', 'Juan Samuel Restrepo Mendoza', '2015-06-19', 'Masculino', '3179193429', 'juan.restrepo345@example.test', 'EPS005', 'Cartago', 'Media', 'Pendiente', '2026-04-20 02:50:00', '2026-07-04 09:18:00'),
	(346, 'CC', '1045678630', 'Paula Ortiz Castro', '1947-05-17', 'Femenino', '3174326312', 'paula.ortiz346@example.test', 'EPS006', 'Cali', 'Baja', 'En atención', '2026-03-20 01:41:00', '2026-04-10 02:23:00'),
	(347, 'TI', '778802657', 'Daniela Álvarez Sánchez', '2009-10-17', 'Femenino', '3029023709', 'daniela.alvarez347@example.test', 'EPS002', 'Jamundí', 'Baja', 'Pendiente', '2026-06-17 15:55:00', '2026-07-03 06:23:00'),
	(348, 'CC', '602912092', 'Juliana Rodríguez Silva', '1964-02-02', 'Femenino', '3228074290', 'juliana.rodriguez348@example.test', 'EPS005', 'Cartago', 'Media', 'Pendiente', '2026-07-04 04:16:00', '2026-07-06 00:00:00'),
	(349, 'CC', '391681322', 'Cristian Vargas Moreno', '1990-11-15', 'Masculino', '3101121417', 'cristian.vargas349@example.test', 'EPS006', 'Buga', 'Baja', 'Pendiente', '2026-07-08 10:56:00', '2026-07-08 12:31:00'),
	(350, 'CC', '289141026', 'Jorge Hernández López', '1992-09-27', 'Masculino', '3203640192', 'jorge.hernandez350@example.test', 'EPS002', 'Palmira', 'Media', 'Atendido', '2026-04-20 21:03:00', '2026-05-19 11:03:00'),
	(351, 'CC', '457693272', 'Miguel Sánchez Vargas', '2000-05-23', 'Masculino', '3197154999', 'miguel.sanchez351@example.test', 'EPS004', 'Cali', 'Media', 'Pendiente', '2026-06-05 22:20:00', '2026-06-19 02:02:00'),
	(352, 'CC', '1008412327', 'Santiago Castro Quintero', '1969-06-06', 'Masculino', '3132349100', 'santiago.castro352@example.test', 'EPS006', 'Palmira', 'Alta', 'Atendido', '2026-06-21 09:50:00', '2026-07-01 23:07:00'),
	(353, 'CC', '972495913', 'Alejandro Pérez Quintero', '1960-02-28', 'Masculino', '3007970959', 'alejandro.perez353@example.test', 'EPS009', 'Jamundí', 'Media', 'En atención', '2026-05-17 11:38:00', '2026-07-08 14:21:00'),
	(354, 'CE', '123368680', 'Luisa Díaz Rodríguez', '1984-10-22', 'Femenino', '3179606360', 'luisa.diaz354@example.test', 'EPS006', 'Cartago', 'Media', 'Pendiente', '2026-05-22 04:53:00', '2026-05-31 19:30:00'),
	(355, 'CC', '578804973', 'Nicolás Rodríguez Ramírez', '2000-10-10', 'Masculino', '3204485358', 'nicolas.rodriguez355@example.test', 'EPS001', 'Jamundí', 'Alta', 'Pendiente', '2026-05-06 06:24:00', '2026-05-07 00:16:00'),
	(356, 'CC', '655652475', 'Juan Jiménez Giraldo', '1984-09-04', 'Masculino', '3183605697', 'juan.jimenez356@example.test', 'EPS010', 'Cali', 'Media', 'En atención', '2026-05-23 16:40:00', '2026-05-25 08:51:00'),
	(357, 'CC', '546914437', 'Daniel Muñoz Mendoza', '1988-07-01', 'Masculino', '3204559930', 'daniel.munoz357@example.test', 'EPS003', 'Cali', 'Alta', 'Atendido', '2026-06-21 19:14:00', '2026-06-27 08:56:00'),
	(358, 'TI', '185097666', 'Santiago Ramírez Mendoza', '2009-08-24', 'Masculino', '3224785351', 'santiago.ramirez358@example.test', 'EPS008', 'Cartago', 'Media', 'En atención', '2026-03-20 21:29:00', '2026-04-21 07:34:00'),
	(359, 'CC', '821481766', 'David Ruiz Martínez', '2001-09-19', 'Masculino', '3004529825', 'david.ruiz359@example.test', 'EPS004', 'Cali', 'Baja', 'Atendido', '2026-06-04 04:27:00', '2026-06-22 00:06:00'),
	(360, 'CC', '77164659', 'Sebastián Moreno Giraldo', '1982-05-28', 'Prefiere no informar', '3027751129', 'sebastian.moreno360@example.test', 'EPS002', 'Cartago', 'Media', 'Pendiente', '2026-05-13 23:14:00', '2026-06-18 21:48:00'),
	(361, 'TI', '1039263588', 'Carolina María Ruiz Cárdenas', '2019-04-15', 'Femenino', '3147860248', 'carolina.ruiz361@example.test', 'EPS003', 'Buga', 'Alta', 'Atendido', '2026-04-06 13:24:00', '2026-06-30 01:55:00'),
	(362, 'CC', '220176267', 'Catalina Hernández Torres', '1943-11-09', 'Femenino', '3122546803', 'catalina.hernandez362@example.test', 'EPS009', 'Jamundí', 'Baja', 'Atendido', '2026-04-23 09:41:00', '2026-06-26 01:26:00'),
	(363, 'CC', '915212346', 'Gabriela Álvarez Valencia', '2003-02-03', 'Femenino', '3228653443', 'gabriela.alvarez363@example.test', 'EPS002', 'Jamundí', 'Media', 'Atendido', '2026-06-28 18:29:00', '2026-07-02 18:57:00'),
	(364, 'CC', '1077444145', 'David Ospina Quintero', '1957-01-03', 'Masculino', '3027994039', 'david.ospina364@example.test', 'EPS005', 'Tuluá', 'Baja', 'Pendiente', '2026-05-09 01:03:00', '2026-06-21 06:58:00'),
	(365, 'CC', '1021906735', 'Carlos Torres González', '1974-04-06', 'Otro', '3115037731', 'carlos.torres365@example.test', 'EPS007', 'Tuluá', 'Media', 'Atendido', '2026-03-15 12:30:00', '2026-06-02 16:55:00'),
	(366, 'CC', '651588385', 'Felipe Jorge Castro Ruiz', '1979-02-08', 'Masculino', '3147701173', 'felipe.castro366@example.test', 'EPS006', 'Tuluá', 'Alta', 'En atención', '2026-05-19 08:22:00', '2026-05-25 21:03:00'),
	(367, 'CC', '888058070', 'Daniela Díaz Martínez', '1966-06-18', 'Femenino', '3111824259', 'daniela.diaz367@example.test', 'EPS002', 'Cali', 'Baja', 'En atención', '2026-05-08 23:36:00', '2026-06-23 15:04:00'),
	(368, 'CC', '211833430', 'Juliana Silva Ospina', '1986-08-25', 'Femenino', '3185294569', 'juliana.silva368@example.test', 'EPS008', 'Buga', 'Media', 'Pendiente', '2026-04-01 22:20:00', '2026-04-23 17:10:00'),
	(369, 'CC', '36155002', 'Sara Álvarez Quintero', '1975-07-16', 'Femenino', '3219265662', 'sara.alvarez369@example.test', 'EPS010', 'Buga', 'Media', 'Pendiente', '2026-03-23 14:08:00', '2026-05-17 06:56:00'),
	(370, 'CE', '293336284', 'Sebastián García Cárdenas', '1969-04-01', 'Masculino', '3051857763', 'sebastian.garcia370@example.test', 'EPS007', 'Buga', 'Baja', 'Atendido', '2026-06-08 23:03:00', '2026-06-24 11:10:00'),
	(371, 'CC', '1019398990', 'Laura Rodríguez Muñoz', '1997-06-18', 'Femenino', '3121177570', 'laura.rodriguez371@example.test', 'EPS005', 'Jamundí', 'Media', 'Atendido', '2026-03-28 20:49:00', '2026-06-06 14:11:00'),
	(372, 'PA', '764700522', 'Diana Luisa Hernández Cárdenas', '1993-11-25', 'Femenino', '3021945211', 'diana.hernandez372@example.test', 'EPS009', 'Cartago', 'Media', 'Atendido', '2026-04-21 17:37:00', '2026-06-11 12:34:00'),
	(373, 'CC', '432367928', 'Andrés Castaño Ramírez', '1964-12-18', 'Masculino', '3023606034', 'andres.castano373@example.test', 'EPS009', 'Cali', 'Baja', 'Pendiente', '2026-03-21 14:52:00', '2026-03-30 15:31:00'),
	(374, 'CC', '1079508391', 'Daniel Giraldo Ortiz', '1982-02-06', 'Masculino', '3199087509', 'daniel.giraldo374@example.test', 'EPS009', 'Tuluá', 'Baja', 'Atendido', '2026-05-15 07:28:00', '2026-06-06 05:18:00'),
	(375, 'CC', '932457209', 'Alejandra Moreno Martínez', '1999-08-15', 'Femenino', '3185309177', 'alejandra.moreno375@example.test', 'EPS006', 'Jamundí', 'Media', 'Atendido', '2026-05-16 01:28:00', '2026-06-05 19:48:00'),
	(376, 'CE', '681298369', 'Laura Torres Hernández', '1995-07-11', 'Femenino', '3146306645', 'laura.torres376@example.test', 'EPS010', 'Jamundí', 'Media', 'Atendido', '2026-06-21 15:35:00', '2026-07-07 16:08:00'),
	(377, 'CC', '755171454', 'Andrea López Torres', '1972-09-24', 'Femenino', '3119931276', 'andrea.lopez377@example.test', 'EPS009', 'Cali', 'Media', 'En atención', '2026-07-09 01:24:00', '2026-07-09 21:12:00'),
	(378, 'CC', '712024343', 'Cristian Ruiz Valencia', '1972-10-14', 'Masculino', '3176293065', 'cristian.ruiz378@example.test', 'EPS008', 'Palmira', 'Alta', 'Atendido', '2026-05-17 12:23:00', '2026-06-07 00:28:00'),
	(379, 'CC', '809956001', 'Camila Ana Jiménez Martínez', '2005-12-08', 'Femenino', '3212473963', 'camila.jimenez379@example.test', 'EPS003', 'Cali', 'Alta', 'En atención', '2026-06-11 23:03:00', '2026-07-04 14:23:00'),
	(380, 'CC', '60021690', 'Laura Alejandra López Rodríguez', '1998-04-09', 'Femenino', '3048520004', 'laura.lopez380@example.test', 'EPS004', 'Tuluá', 'Media', 'Atendido', '2026-04-05 20:43:00', '2026-07-08 11:02:00'),
	(381, 'TI', '961578502', 'Cristian González Castro', '2008-07-18', 'Masculino', '3218479832', 'cristian.gonzalez381@example.test', 'EPS009', 'Cali', 'Alta', 'Atendido', '2026-04-02 21:08:00', '2026-04-11 11:19:00'),
	(382, 'CC', '190140291', 'Samuel Ramírez Álvarez', '1999-12-10', 'Masculino', '3011054919', 'samuel.ramirez382@example.test', 'EPS001', 'Buga', 'Media', 'Atendido', '2026-05-29 12:33:00', '2026-06-27 02:14:00'),
	(383, 'CC', '1083785491', 'María Cárdenas Moreno', '1966-12-03', 'Femenino', '3108112576', 'maria.cardenas383@example.test', 'EPS003', 'Jamundí', 'Media', 'Atendido', '2026-06-19 11:31:00', '2026-07-02 01:01:00'),
	(384, 'CC', '249302590', 'Camila Silva Castro', '1951-08-16', 'Femenino', '3156212026', 'camila.silva384@example.test', 'EPS004', 'Palmira', 'Media', 'Pendiente', '2026-04-14 20:21:00', '2026-05-15 02:03:00'),
	(385, 'CC', '482652501', 'Paula González Torres', '1964-09-08', 'Femenino', '3122519677', 'paula.gonzalez385@example.test', 'EPS004', 'Tuluá', 'Media', 'Atendido', '2026-04-18 18:20:00', '2026-05-04 09:11:00'),
	(386, 'TI', '1005843636', 'Paula Sofía Hernández González', '2012-01-30', 'Femenino', '3172876878', 'paula.hernandez386@example.test', 'EPS008', 'Jamundí', 'Baja', 'Pendiente', '2026-06-10 17:02:00', '2026-06-27 05:59:00'),
	(387, 'CC', '1112183956', 'Daniela Pérez Hernández', '1989-05-28', 'Femenino', '3227301488', 'daniela.perez387@example.test', 'EPS009', 'Palmira', 'Media', 'Pendiente', '2026-04-09 16:03:00', '2026-07-07 18:03:00'),
	(388, 'CC', '1049727577', 'Paula Ortiz Martínez', '1993-01-12', 'Femenino', '3102305266', 'paula.ortiz388@example.test', 'EPS002', 'Palmira', 'Media', 'Atendido', '2026-05-03 21:05:00', '2026-06-05 08:07:00'),
	(389, 'CC', '973766153', 'Santiago Castro Muñoz', '1983-11-15', 'Masculino', '3137863431', 'santiago.castro389@example.test', 'EPS009', 'Cali', 'Alta', 'Pendiente', '2026-06-02 22:30:00', '2026-07-03 01:43:00'),
	(390, 'CC', '412105036', 'Catalina Castaño García', '1986-10-25', 'Femenino', '3169428921', 'catalina.castano390@example.test', 'EPS003', 'Cartago', 'Alta', 'Pendiente', '2026-06-16 03:44:00', '2026-06-26 15:34:00'),
	(391, 'CC', '80516654', 'Andrés Rodríguez Restrepo', '1980-05-08', 'Masculino', '3176705441', 'andres.rodriguez391@example.test', 'EPS004', 'Jamundí', 'Media', 'Pendiente', '2026-03-29 07:19:00', '2026-04-16 03:11:00'),
	(392, 'CC', '116138100', 'David Cárdenas Valencia', '1991-01-13', 'Masculino', '3058881722', 'david.cardenas392@example.test', 'EPS002', 'Cali', 'Baja', 'Atendido', '2026-04-30 13:20:00', '2026-05-04 03:17:00'),
	(393, 'CC', '216033628', 'Daniela Quintero García', '1990-04-11', 'Femenino', '3161900006', 'daniela.quintero393@example.test', 'EPS005', 'Cali', 'Media', 'En atención', '2026-05-10 07:03:00', '2026-05-26 01:21:00'),
	(394, 'CC', '675839558', 'Luisa Ortiz Rojas', '1959-02-17', 'Femenino', '3108002022', 'luisa.ortiz394@example.test', 'EPS008', 'Cartago', 'Baja', 'En atención', '2026-05-29 15:52:00', '2026-06-15 01:51:00'),
	(395, 'CC', '1018907890', 'Diana Castaño Ruiz', '1998-07-05', 'Femenino', '3197027247', 'diana.castano395@example.test', 'EPS001', 'Cartago', 'Media', 'Pendiente', '2026-03-23 10:33:00', '2026-05-08 00:42:00'),
	(396, 'CC', '22200247', 'Juliana Castaño Díaz', '2001-10-25', 'Femenino', '3102195565', 'juliana.castano396@example.test', 'EPS005', 'Jamundí', 'Baja', 'Pendiente', '2026-04-29 03:55:00', '2026-06-04 09:06:00'),
	(397, 'CC', '712381147', 'Alejandro Mendoza Hernández', '1982-04-28', 'Masculino', '3047213068', 'alejandro.mendoza397@example.test', 'EPS009', 'Tuluá', 'Baja', 'Pendiente', '2026-06-30 16:56:00', '2026-07-09 01:13:00'),
	(398, 'CC', '360468175', 'Miguel Pérez Castro', '1959-10-25', 'Masculino', '3158484829', 'miguel.perez398@example.test', 'EPS010', 'Buga', 'Media', 'En atención', '2026-03-31 10:39:00', '2026-05-08 11:04:00'),
	(399, 'CC', '240823790', 'Andrea Ospina Restrepo', '1970-12-05', 'Femenino', '3017797230', 'andrea.ospina399@example.test', 'EPS002', 'Palmira', 'Media', 'Pendiente', '2026-06-13 23:44:00', '2026-06-17 00:21:00'),
	(400, 'CC', '204748499', 'Daniel Jiménez Muñoz', '1984-08-24', 'Masculino', '3215316279', 'daniel.jimenez400@example.test', 'EPS005', 'Tuluá', 'Media', 'Pendiente', '2026-06-02 07:59:00', '2026-06-05 23:30:00'),
	(401, 'CC', '663407191', 'Camila Valentina Sánchez Moreno', '1964-05-04', 'Femenino', '3181573112', 'camila.sanchez401@example.test', 'EPS007', 'Palmira', 'Baja', 'Atendido', '2026-04-12 19:19:00', '2026-06-13 14:43:00'),
	(402, 'CC', '74801061', 'Cristian Vargas González', '1959-04-06', 'Masculino', '3197174062', 'cristian.vargas402@example.test', 'EPS004', 'Cartago', 'Media', 'Atendido', '2026-05-20 09:41:00', '2026-05-23 12:27:00'),
	(403, 'CC', '1106538740', 'Carolina González Díaz', '1962-03-09', 'Femenino', '3211596938', 'carolina.gonzalez403@example.test', 'EPS006', 'Palmira', 'Alta', 'Atendido', '2026-03-19 05:43:00', '2026-05-21 14:18:00'),
	(404, 'CC', '305171661', 'María Sara Rojas Moreno', '1987-04-16', 'Femenino', '3187963999', 'maria.rojas404@example.test', 'EPS006', 'Cali', 'Baja', 'Pendiente', '2026-05-08 18:10:00', '2026-05-11 09:00:00'),
	(405, 'CC', '539451275', 'Tomás Cárdenas Sánchez', '1998-12-29', 'Masculino', '3003298319', 'tomas.cardenas405@example.test', 'EPS002', 'Tuluá', 'Media', 'Atendido', '2026-04-07 20:57:00', '2026-05-13 23:39:00'),
	(406, 'CC', '223878887', 'Felipe Vargas González', '1975-06-10', 'Masculino', '3013435210', 'felipe.vargas406@example.test', 'EPS008', 'Tuluá', 'Baja', 'Pendiente', '2026-06-03 12:56:00', '2026-06-22 10:31:00'),
	(407, 'CC', '226011808', 'Ricardo Rojas Martínez', '1973-09-22', 'Masculino', '3128330483', 'ricardo.rojas407@example.test', 'EPS002', 'Buga', 'Media', 'En atención', '2026-07-02 21:47:00', '2026-07-05 03:48:00'),
	(408, 'CC', '492805110', 'Juan Díaz Hernández', '2000-10-06', 'Masculino', '3159294691', 'juan.diaz408@example.test', 'EPS003', 'Tuluá', 'Media', 'Atendido', '2026-06-04 13:54:00', '2026-06-30 03:36:00'),
	(409, 'CC', '48351731', 'Carlos Silva Sánchez', '1962-03-27', 'Masculino', '3171139165', 'carlos.silva409@example.test', 'EPS004', 'Tuluá', 'Alta', 'Pendiente', '2026-03-19 18:15:00', '2026-04-09 16:24:00'),
	(410, 'CC', '141740328', 'Juan Rojas Mendoza', '1989-08-29', 'Masculino', '3134422499', 'juan.rojas410@example.test', 'EPS001', 'Yumbo', 'Baja', 'Pendiente', '2026-06-13 18:17:00', '2026-06-17 01:21:00'),
	(411, 'CC', '807890514', 'Julián González Quintero', '1977-01-29', 'Masculino', '3193386394', 'julian.gonzalez411@example.test', 'EPS002', 'Yumbo', 'Alta', 'Atendido', '2026-06-09 20:09:00', '2026-06-17 00:20:00'),
	(412, 'CE', '1155580592', 'Catalina Diana Ramírez Pérez', '1986-04-23', 'Femenino', '3201232322', 'catalina.ramirez412@example.test', 'EPS001', 'Buga', 'Media', 'Pendiente', '2026-04-03 19:39:00', '2026-04-26 12:30:00'),
	(413, 'TI', '80134786', 'Ricardo Nicolás Cárdenas Sánchez', '2013-02-28', 'Masculino', '3006270758', 'ricardo.cardenas413@example.test', 'EPS010', 'Yumbo', 'Media', 'En atención', '2026-06-25 21:19:00', '2026-07-08 02:44:00'),
	(414, 'TI', '33070920', 'Samuel Ortiz Sánchez', '2009-08-17', 'Masculino', '3151191008', 'samuel.ortiz414@example.test', 'EPS005', 'Cali', 'Media', 'Pendiente', '2026-06-12 13:58:00', '2026-06-12 15:40:00'),
	(415, 'CE', '328357822', 'Luisa López Valencia', '1986-06-16', 'Femenino', '3166185962', 'luisa.lopez415@example.test', 'EPS005', 'Jamundí', 'Baja', 'Pendiente', '2026-06-12 14:32:00', '2026-06-25 17:47:00'),
	(416, 'CC', '766876060', 'Andrea García Pérez', '2006-10-27', 'Femenino', '3105178443', 'andrea.garcia416@example.test', 'EPS003', 'Yumbo', 'Media', 'En atención', '2026-04-03 04:54:00', '2026-04-21 15:28:00'),
	(417, 'TI', '523473825', 'Carlos Rojas Torres', '2008-11-25', 'Masculino', '3143750719', 'carlos.rojas417@example.test', 'EPS003', 'Yumbo', 'Alta', 'Atendido', '2026-07-03 06:43:00', '2026-07-09 09:26:00'),
	(418, 'TI', '372903189', 'Sebastián Romero Pérez', '2008-12-31', 'Masculino', '3166894376', 'sebastian.romero418@example.test', 'EPS002', 'Cartago', 'Media', 'Atendido', '2026-07-02 23:38:00', '2026-07-07 16:56:00'),
	(419, 'CC', '11604952', 'Jorge Castro Díaz', '1992-07-16', 'Masculino', '3225320616', 'jorge.castro419@example.test', 'EPS009', 'Palmira', 'Media', 'Pendiente', '2026-06-13 16:15:00', '2026-07-04 15:45:00'),
	(420, 'CC', '193432269', 'Samuel Cárdenas García', '1980-11-20', 'Masculino', '3136644829', 'samuel.cardenas420@example.test', 'EPS001', 'Cartago', 'Media', 'Pendiente', '2026-05-07 18:43:00', '2026-05-22 09:54:00'),
	(421, 'CC', '114056487', 'Sara Rodríguez Álvarez', '1995-08-12', 'Femenino', '3157410674', 'sara.rodriguez421@example.test', 'EPS006', 'Yumbo', 'Media', 'Atendido', '2026-03-17 18:08:00', '2026-06-29 06:41:00'),
	(422, 'CC', '315127602', 'Felipe García Giraldo', '1990-08-16', 'Masculino', '3049624483', 'felipe.garcia422@example.test', 'EPS001', 'Cartago', 'Alta', 'Pendiente', '2026-07-01 22:35:00', '2026-07-05 08:15:00'),
	(423, 'CC', '1199657027', 'Andrea Ramírez Vargas', '1999-04-23', 'Femenino', '3106632832', 'andrea.ramirez423@example.test', 'EPS003', 'Cali', 'Baja', 'Pendiente', '2026-07-02 16:58:00', '2026-07-04 09:40:00'),
	(424, 'CC', '564902060', 'Mateo Muñoz Vargas', '1961-02-07', 'Masculino', '3166787373', 'mateo.munoz424@example.test', 'EPS008', 'Palmira', 'Media', 'Pendiente', '2026-05-13 14:08:00', '2026-05-14 16:01:00'),
	(425, 'CC', '995428329', 'Paula Restrepo Castro', '2007-03-19', 'Femenino', '3045248037', 'paula.restrepo425@example.test', 'EPS006', 'Tuluá', 'Baja', 'Atendido', '2026-06-26 12:57:00', '2026-07-09 15:14:00'),
	(426, 'CC', '403905668', 'María Moreno Jiménez', '1974-05-11', 'Femenino', '3119354667', 'maria.moreno426@example.test', 'EPS009', 'Buga', 'Alta', 'Pendiente', '2026-03-16 23:01:00', '2026-05-15 20:51:00'),
	(427, 'CC', '716272610', 'Cristian Silva Ortiz', '1992-01-04', 'Masculino', '3022907516', 'cristian.silva427@example.test', 'EPS001', 'Palmira', 'Alta', 'Pendiente', '2026-06-11 12:20:00', '2026-06-23 06:09:00'),
	(428, 'CC', '156572781', 'Felipe Silva Ramírez', '1989-12-03', 'Masculino', '3153752222', 'felipe.silva428@example.test', 'EPS001', 'Yumbo', 'Alta', 'Pendiente', '2026-07-04 16:11:00', '2026-07-05 14:41:00'),
	(429, 'CC', '268270569', 'Ana Castro Díaz', '1990-10-13', 'Femenino', '3015404807', 'ana.castro429@example.test', 'EPS001', 'Palmira', 'Baja', 'Atendido', '2026-05-27 12:07:00', '2026-06-28 19:47:00'),
	(430, 'CC', '802998860', 'David Pérez Castro', '1975-01-05', 'Masculino', '3103020747', 'david.perez430@example.test', 'EPS001', 'Cali', 'Alta', 'En atención', '2026-04-23 22:13:00', '2026-06-08 00:02:00'),
	(431, 'CC', '414974125', 'Mateo Vargas Torres', '1974-01-11', 'Masculino', '3166094887', 'mateo.vargas431@example.test', 'EPS002', 'Jamundí', 'Baja', 'En atención', '2026-07-02 18:01:00', '2026-07-10 08:28:00'),
	(432, 'CC', '47865182', 'José Felipe Castro Hernández', '1970-01-29', 'Masculino', '3146298345', 'jose.castro432@example.test', 'EPS001', 'Jamundí', 'Media', 'Pendiente', '2026-04-30 23:53:00', '2026-07-09 15:59:00'),
	(433, 'CC', '747170577', 'David González Sánchez', '1994-12-23', 'Masculino', '3001297814', 'david.gonzalez433@example.test', 'EPS006', 'Tuluá', 'Baja', 'Pendiente', '2026-05-29 09:49:00', '2026-06-14 08:08:00'),
	(434, 'CC', '828418161', 'Carolina Ramírez Valencia', '1987-07-20', 'Femenino', '3172126114', 'carolina.ramirez434@example.test', 'EPS008', 'Tuluá', 'Media', 'Atendido', '2026-04-23 00:40:00', '2026-06-06 17:53:00'),
	(435, 'CC', '719524484', 'Valentina Diana García Rodríguez', '1946-06-25', 'Femenino', '3148258181', 'valentina.garcia435@example.test', 'EPS001', 'Palmira', 'Media', 'Pendiente', '2026-06-02 01:52:00', '2026-06-22 00:30:00'),
	(436, 'TI', '396197980', 'Carlos Jiménez González', '2020-04-08', 'Masculino', '3165747237', 'carlos.jimenez436@example.test', 'EPS004', 'Palmira', 'Media', 'Atendido', '2026-06-27 23:16:00', '2026-07-05 20:18:00'),
	(437, 'TI', '830454681', 'Esteban Romero Hernández', '2013-03-02', 'Masculino', '3212713110', 'esteban.romero437@example.test', 'EPS009', 'Cartago', 'Baja', 'Atendido', '2026-05-02 01:21:00', '2026-06-09 01:31:00'),
	(438, 'CC', '1078286391', 'David Álvarez Muñoz', '1957-07-01', 'Masculino', '3178656116', 'david.alvarez438@example.test', 'EPS001', 'Jamundí', 'Alta', 'Atendido', '2026-05-24 00:32:00', '2026-07-04 15:14:00'),
	(439, 'CC', '861046817', 'Carlos Rojas Rodríguez', '1962-03-28', 'Masculino', '3173715961', 'carlos.rojas439@example.test', 'EPS010', 'Jamundí', 'Baja', 'Pendiente', '2026-06-20 15:03:00', '2026-07-07 03:47:00'),
	(440, 'CC', '1002241737', 'Ricardo Ramírez González', '1972-07-12', 'Masculino', '3171993026', 'ricardo.ramirez440@example.test', 'EPS004', 'Palmira', 'Alta', 'Atendido', '2026-03-25 12:27:00', '2026-07-07 04:18:00'),
	(441, 'CC', '624839781', 'Laura Jiménez Castro', '2004-02-26', 'Femenino', '3104453862', 'laura.jimenez441@example.test', 'EPS001', 'Tuluá', 'Media', 'Atendido', '2026-05-10 04:01:00', '2026-07-08 02:49:00'),
	(442, 'CC', '187980123', 'Valentina Hernández Restrepo', '2000-09-06', 'Femenino', '3105106426', 'valentina.hernandez442@example.test', 'EPS003', 'Cartago', 'Media', 'Atendido', '2026-05-10 23:00:00', '2026-06-20 06:35:00'),
	(443, 'CC', '654537225', 'Daniela Rodríguez Ramírez', '1976-03-10', 'Femenino', '3171628940', 'daniela.rodriguez443@example.test', 'EPS002', 'Tuluá', 'Alta', 'Pendiente', '2026-04-16 00:44:00', '2026-06-07 05:54:00'),
	(444, 'CC', '1160652936', 'Felipe Silva Jiménez', '2005-10-03', 'Masculino', '3105583007', 'felipe.silva444@example.test', 'EPS010', 'Tuluá', 'Alta', 'Pendiente', '2026-07-09 02:09:00', '2026-07-10 09:40:00'),
	(445, 'CC', '906886512', 'Jorge Hernández Ramírez', '1960-03-02', 'Masculino', '3048174081', 'jorge.hernandez445@example.test', 'EPS004', 'Jamundí', 'Baja', 'Atendido', '2026-04-03 04:49:00', '2026-06-29 04:05:00'),
	(446, 'CC', '662522322', 'Cristian Castro Ospina', '1973-09-09', 'Masculino', '3229076078', 'cristian.castro446@example.test', 'EPS003', 'Cartago', 'Alta', 'Pendiente', '2026-03-19 09:58:00', '2026-06-07 19:26:00'),
	(447, 'CC', '961166643', 'Esteban Ortiz Martínez', '1963-11-04', 'Masculino', '3187282699', 'esteban.ortiz447@example.test', 'EPS006', 'Buga', 'Baja', 'En atención', '2026-06-21 11:53:00', '2026-07-05 23:54:00'),
	(448, 'CC', '198002490', 'Catalina Castaño Pérez', '1993-04-09', 'Femenino', '3059654127', 'catalina.castano448@example.test', 'EPS006', 'Cartago', 'Media', 'Pendiente', '2026-05-26 20:25:00', '2026-07-08 21:28:00'),
	(449, 'CC', '1116906128', 'Diana López Rodríguez', '1962-02-28', 'Femenino', '3025785720', 'diana.lopez449@example.test', 'EPS008', 'Buga', 'Media', 'Pendiente', '2026-03-26 00:54:00', '2026-04-06 02:45:00'),
	(450, 'CC', '545585832', 'María Valencia Jiménez', '2001-03-02', 'Femenino', '3101355236', 'maria.valencia450@example.test', 'EPS009', 'Yumbo', 'Media', 'Pendiente', '2026-04-10 08:40:00', '2026-06-09 23:28:00'),
	(451, 'CC', '569127531', 'Juliana Andrea Muñoz Hernández', '1985-08-15', 'Femenino', '3186704501', 'juliana.munoz451@example.test', 'EPS008', 'Tuluá', 'Baja', 'Atendido', '2026-05-25 05:40:00', '2026-06-04 13:49:00'),
	(452, 'CC', '156336749', 'Daniel Muñoz Mendoza', '1995-11-03', 'Masculino', '3165245945', 'daniel.munoz452@example.test', 'EPS003', 'Palmira', 'Baja', 'En atención', '2026-06-12 07:30:00', '2026-06-16 23:53:00'),
	(453, 'CC', '817796062', 'Carolina Laura Díaz Moreno', '1945-08-20', 'Femenino', '3153055719', 'carolina.diaz453@example.test', 'EPS010', 'Tuluá', 'Media', 'Atendido', '2026-05-09 04:28:00', '2026-06-04 13:25:00'),
	(454, 'CC', '968262991', 'Daniel Andrés Sánchez Vargas', '1957-12-03', 'Masculino', '3167677150', 'daniel.sanchez454@example.test', 'EPS002', 'Buga', 'Baja', 'Pendiente', '2026-05-10 20:25:00', '2026-05-25 17:02:00'),
	(455, 'TI', '783490796', 'Felipe Ruiz Martínez', '2011-02-15', 'Masculino', '3021863647', 'felipe.ruiz455@example.test', 'EPS003', 'Cali', 'Baja', 'Pendiente', '2026-04-24 00:27:00', '2026-05-13 00:04:00'),
	(456, 'CC', '1080225498', 'Juliana Paula Ruiz Sánchez', '2006-11-22', 'Femenino', '3016494806', 'juliana.ruiz456@example.test', 'EPS001', 'Tuluá', 'Baja', 'Atendido', '2026-03-16 15:52:00', '2026-04-26 13:39:00'),
	(457, 'CC', '874519770', 'Andrea Martínez Cárdenas', '1948-07-04', 'Femenino', '3218262308', 'andrea.martinez457@example.test', 'EPS006', 'Cali', 'Baja', 'Pendiente', '2026-06-18 18:18:00', '2026-07-03 13:03:00'),
	(458, 'CC', '72241489', 'María Sánchez Jiménez', '2003-11-23', 'Femenino', '3128568573', 'maria.sanchez458@example.test', 'EPS004', 'Tuluá', 'Alta', 'Pendiente', '2026-03-20 21:06:00', '2026-05-17 11:50:00'),
	(459, 'CE', '172332993', 'Cristian Alejandro López González', '1988-06-03', 'Masculino', '3152831679', 'cristian.lopez459@example.test', 'EPS006', 'Yumbo', 'Media', 'Atendido', '2026-05-22 23:43:00', '2026-06-23 14:44:00'),
	(460, 'CC', '1158396454', 'Gabriela Castaño Rodríguez', '1973-02-20', 'Femenino', '3108180173', 'gabriela.castano460@example.test', 'EPS004', 'Buga', 'Baja', 'Pendiente', '2026-06-14 09:40:00', '2026-06-18 23:46:00'),
	(461, 'CC', '1171268473', 'María Moreno Pérez', '1959-12-25', 'Femenino', '3005337531', 'maria.moreno461@example.test', 'EPS009', 'Buga', 'Baja', 'En atención', '2026-06-26 14:47:00', '2026-07-07 10:32:00'),
	(462, 'TI', '773282358', 'Diana Juliana Giraldo Rodríguez', '2009-12-26', 'Femenino', '3001508973', 'diana.giraldo462@example.test', 'EPS002', 'Cartago', 'Baja', 'Atendido', '2026-06-07 07:37:00', '2026-06-21 07:01:00'),
	(463, 'CC', '685141299', 'Santiago Giraldo Rojas', '1960-08-20', 'Masculino', '3221034767', 'santiago.giraldo463@example.test', 'EPS008', 'Cartago', 'Media', 'Pendiente', '2026-07-05 20:48:00', '2026-07-07 03:56:00'),
	(464, 'CC', '537979792', 'Juan Romero Valencia', '1982-04-12', 'Masculino', '3177197925', 'juan.romero464@example.test', 'EPS003', 'Jamundí', 'Baja', 'En atención', '2026-05-22 03:10:00', '2026-06-25 16:08:00'),
	(465, 'CC', '699746181', 'Ricardo Hernández Castaño', '1996-05-28', 'Masculino', '3116474507', 'ricardo.hernandez465@example.test', 'EPS001', 'Cartago', 'Baja', 'Pendiente', '2026-06-03 19:30:00', '2026-06-03 20:52:00'),
	(466, 'CC', '871176250', 'Julián Sánchez Torres', '1999-09-01', 'Masculino', '3197557856', 'julian.sanchez466@example.test', 'EPS002', 'Cali', 'Baja', 'Pendiente', '2026-04-21 02:43:00', '2026-04-23 22:26:00'),
	(467, 'CC', '995949712', 'Alejandro Sánchez Ortiz', '1978-12-10', 'Masculino', '3118895679', 'alejandro.sanchez467@example.test', 'EPS002', 'Cali', 'Media', 'Atendido', '2026-05-15 17:46:00', '2026-06-01 23:23:00'),
	(468, 'CC', '772219592', 'Cristian Castaño Muñoz', '1989-06-23', 'Masculino', '3225514263', 'cristian.castano468@example.test', 'EPS002', 'Cartago', 'Baja', 'Atendido', '2026-03-25 06:53:00', '2026-05-14 18:37:00'),
	(469, 'CC', '201247509', 'Camila Gabriela Castaño Restrepo', '1977-05-12', 'Femenino', '3041091611', 'camila.castano469@example.test', 'EPS001', 'Jamundí', 'Media', 'Atendido', '2026-04-01 07:44:00', '2026-06-28 02:47:00'),
	(470, 'CC', '225945245', 'Daniela Cárdenas Díaz', '1975-12-04', 'Femenino', '3128139643', 'daniela.cardenas470@example.test', 'EPS003', 'Cartago', 'Media', 'Pendiente', '2026-06-19 00:43:00', '2026-07-06 03:36:00'),
	(471, 'CC', '267972135', 'Andrea Álvarez Romero', '1981-08-31', 'Femenino', '3114724719', 'andrea.alvarez471@example.test', 'EPS004', 'Cali', 'Media', 'Atendido', '2026-04-16 18:38:00', '2026-06-20 10:44:00'),
	(472, 'TI', '39492482', 'Esteban Ruiz Muñoz', '2012-03-24', 'Masculino', '3204975740', 'esteban.ruiz472@example.test', 'EPS009', 'Tuluá', 'Media', 'Atendido', '2026-06-07 06:24:00', '2026-07-07 21:36:00'),
	(473, 'CC', '1055297304', 'Natalia Hernández Jiménez', '1999-07-27', 'Femenino', '3163346035', 'natalia.hernandez473@example.test', 'EPS001', 'Jamundí', 'Baja', 'Atendido', '2026-03-13 17:21:00', '2026-06-22 10:35:00'),
	(474, 'TI', '246975939', 'Daniela Silva García', '2012-08-26', 'Femenino', '3046471265', 'daniela.silva474@example.test', 'EPS008', 'Cartago', 'Baja', 'Pendiente', '2026-05-14 15:29:00', '2026-06-23 13:56:00'),
	(475, 'CC', '1027333122', 'Natalia Restrepo Romero', '1963-09-05', 'Femenino', '3107740943', 'natalia.restrepo475@example.test', 'EPS008', 'Tuluá', 'Media', 'Pendiente', '2026-04-06 00:46:00', '2026-07-02 01:10:00'),
	(476, 'CC', '893756249', 'Daniela Pérez Rojas', '1969-10-18', 'Femenino', '3184545029', 'daniela.perez476@example.test', 'EPS009', 'Tuluá', 'Media', 'Atendido', '2026-04-01 10:44:00', '2026-07-06 18:06:00'),
	(477, 'CC', '930438641', 'Santiago Moreno Vargas', '1996-03-21', 'Masculino', '3114240991', 'santiago.moreno477@example.test', 'EPS007', 'Yumbo', 'Media', 'Atendido', '2026-03-17 01:43:00', '2026-04-27 01:32:00'),
	(478, 'TI', '187302197', 'Carlos Pérez López', '2021-03-03', 'Masculino', '3043840663', 'carlos.perez478@example.test', 'EPS001', 'Yumbo', 'Media', 'Atendido', '2026-06-08 09:54:00', '2026-07-04 06:06:00'),
	(479, 'CC', '808497221', 'Sara Ramírez Giraldo', '1979-09-30', 'Femenino', '3008721418', 'sara.ramirez479@example.test', 'EPS006', 'Cartago', 'Media', 'Pendiente', '2026-03-23 15:27:00', '2026-06-05 03:52:00'),
	(480, 'CC', '1068170244', 'Juan Sánchez Castro', '1987-01-02', 'Masculino', '3009909499', 'juan.sanchez480@example.test', 'EPS002', 'Palmira', 'Media', 'Atendido', '2026-06-30 15:08:00', '2026-07-04 14:43:00'),
	(481, 'CC', '62550495', 'Esteban David Quintero Ospina', '1981-01-23', 'Masculino', '3132020279', 'esteban.quintero481@example.test', 'EPS002', 'Yumbo', 'Alta', 'Atendido', '2026-04-28 13:19:00', '2026-06-07 17:09:00'),
	(482, 'CC', '532688817', 'Alejandro Mendoza Ruiz', '1963-11-13', 'Masculino', '3169372035', 'alejandro.mendoza482@example.test', 'EPS003', 'Yumbo', 'Media', 'Atendido', '2026-04-15 09:12:00', '2026-06-02 06:09:00'),
	(483, 'CC', '820190951', 'Julián Rojas Mendoza', '1987-11-09', 'Masculino', '3207920877', 'julian.rojas483@example.test', 'EPS005', 'Cali', 'Alta', 'En atención', '2026-05-04 05:34:00', '2026-06-30 14:37:00'),
	(484, 'CC', '506072928', 'Andrea Laura Castro López', '1996-06-21', 'Femenino', '3162036711', 'andrea.castro484@example.test', 'EPS005', 'Tuluá', 'Baja', 'Pendiente', '2026-06-29 02:24:00', '2026-07-05 12:57:00'),
	(485, 'CC', '794082578', 'Andrea Moreno Quintero', '2006-03-01', 'Femenino', '3045373450', 'andrea.moreno485@example.test', 'EPS002', 'Buga', 'Media', 'Pendiente', '2026-06-28 10:27:00', '2026-07-07 13:26:00'),
	(486, 'CC', '117780680', 'Sebastián Nicolás Álvarez Muñoz', '1959-11-30', 'Masculino', '3153085102', 'sebastian.alvarez486@example.test', 'EPS004', 'Palmira', 'Media', 'En atención', '2026-05-08 21:12:00', '2026-06-01 03:19:00'),
	(487, 'CC', '907315998', 'Esteban Rodríguez Mendoza', '1979-12-16', 'Masculino', '3116743239', 'esteban.rodriguez487@example.test', 'EPS007', 'Cartago', 'Media', 'En atención', '2026-04-05 23:10:00', '2026-04-22 00:30:00'),
	(488, 'TI', '899422109', 'Catalina Ramírez Castaño', '2010-04-28', 'Femenino', '3129002434', 'catalina.ramirez488@example.test', 'EPS010', 'Cali', 'Alta', 'Atendido', '2026-06-01 06:33:00', '2026-07-02 14:30:00'),
	(489, 'CC', '171642013', 'Andrea Castaño Hernández', '1950-03-23', 'Femenino', '3006007295', 'andrea.castano489@example.test', 'EPS002', 'Cartago', 'Media', 'Atendido', '2026-06-02 09:12:00', '2026-07-09 19:11:00'),
	(490, 'CC', '617181496', 'Alejandro Moreno Ruiz', '1955-03-03', 'Masculino', '3007945154', 'alejandro.moreno490@example.test', 'EPS009', 'Tuluá', 'Media', 'Pendiente', '2026-06-01 19:11:00', '2026-07-06 20:20:00'),
	(491, 'CC', '900009244', 'Juliana Pérez García', '1954-11-05', 'Femenino', '3116446811', 'juliana.perez491@example.test', 'EPS003', 'Tuluá', 'Media', 'En atención', '2026-03-25 01:33:00', '2026-06-29 05:13:00'),
	(492, 'PA', '736451175', 'Felipe Santiago Muñoz Mendoza', '1967-06-08', 'Masculino', '3023450647', 'felipe.munoz492@example.test', 'EPS009', 'Palmira', 'Media', 'Atendido', '2026-04-19 13:19:00', '2026-05-28 09:42:00'),
	(493, 'CC', '453752775', 'Carlos Restrepo Moreno', '1972-11-26', 'Masculino', '3009778265', 'carlos.restrepo493@example.test', 'EPS010', 'Cartago', 'Alta', 'En atención', '2026-04-24 06:12:00', '2026-06-30 11:35:00'),
	(494, 'CC', '352985040', 'Santiago López Díaz', '1980-06-01', 'Masculino', '3217297463', 'santiago.lopez494@example.test', 'EPS007', 'Cartago', 'Baja', 'Pendiente', '2026-06-23 17:11:00', '2026-07-09 16:16:00'),
	(495, 'CC', '521763430', 'Ana Manuela Romero Ospina', '1993-03-30', 'Femenino', '3108098149', 'ana.romero495@example.test', 'EPS007', 'Palmira', 'Media', 'Pendiente', '2026-07-09 13:19:00', '2026-07-09 23:25:00'),
	(496, 'CC', '680404177', 'Ricardo Nicolás Ortiz Valencia', '2001-10-10', 'Masculino', '3163289265', 'ricardo.ortiz496@example.test', 'EPS005', 'Palmira', 'Baja', 'En atención', '2026-03-16 06:04:00', '2026-05-18 22:02:00'),
	(497, 'TI', '614091530', 'Natalia Díaz Cárdenas', '2018-05-31', 'Femenino', '3014177544', 'natalia.diaz497@example.test', 'EPS002', 'Palmira', 'Media', 'Atendido', '2026-07-05 01:20:00', '2026-07-10 08:04:00'),
	(498, 'CC', '332560266', 'Samuel Giraldo Silva', '1982-12-09', 'Masculino', '3227696598', 'samuel.giraldo498@example.test', 'EPS010', 'Tuluá', 'Media', 'Pendiente', '2026-05-20 15:27:00', '2026-05-24 03:15:00'),
	(499, 'CC', '747572597', 'Diana Gabriela Castro Silva', '1975-05-03', 'Femenino', '3215037503', 'diana.castro499@example.test', 'EPS003', 'Tuluá', 'Baja', 'Atendido', '2026-05-06 23:42:00', '2026-06-20 23:00:00'),
	(500, 'CC', '848216305', 'David Ramírez Jiménez', '1980-04-23', 'Masculino', '3153580683', 'david.ramirez500@example.test', 'EPS001', 'Cali', 'Baja', 'Pendiente', '2026-06-05 01:03:00', '2026-07-04 20:12:00'),
	(501, 'CC', '323382171', 'Julián Rojas Giraldo', '1971-11-20', 'Masculino', '3158278297', 'julian.rojas501@example.test', 'EPS009', 'Yumbo', 'Media', 'En atención', '2026-05-10 16:58:00', '2026-07-06 15:20:00'),
	(502, 'CC', '54772976', 'Catalina Rojas Álvarez', '1963-04-25', 'Femenino', '3027534666', 'catalina.rojas502@example.test', 'EPS008', 'Tuluá', 'Media', 'En atención', '2026-03-13 07:34:00', '2026-04-02 09:47:00'),
	(503, 'CC', '1088273933', 'Julián Ruiz Pérez', '1983-06-22', 'Masculino', '3014958081', 'julian.ruiz503@example.test', 'EPS009', 'Palmira', 'Media', 'Pendiente', '2026-03-18 14:28:00', '2026-04-04 14:57:00'),
	(504, 'CC', '854153632', 'Andrés Rojas Romero', '1963-02-02', 'Otro', '3229930336', 'andres.rojas504@example.test', 'EPS002', 'Palmira', 'Baja', 'En atención', '2026-03-29 11:52:00', '2026-04-28 18:24:00'),
	(505, 'CC', '49768457', 'Natalia García Cárdenas', '1982-09-15', 'Femenino', '3131531341', 'natalia.garcia505@example.test', 'EPS004', 'Palmira', 'Baja', 'Atendido', '2026-05-19 16:59:00', '2026-06-23 16:03:00'),
	(506, 'CC', '522751440', 'David Muñoz Ortiz', '1944-01-08', 'Masculino', '3157286029', 'david.munoz506@example.test', 'EPS005', 'Buga', 'Alta', 'Pendiente', '2026-04-27 12:27:00', '2026-05-10 02:03:00'),
	(507, 'CC', '998540738', 'Carolina López Castro', '1994-03-26', 'Femenino', '3195799655', 'carolina.lopez507@example.test', 'EPS002', 'Tuluá', 'Baja', 'Pendiente', '2026-07-06 08:23:00', '2026-07-06 14:44:00'),
	(508, 'CC', '604885614', 'Juan Ramírez Díaz', '1963-07-24', 'Masculino', '3017893248', 'juan.ramirez508@example.test', 'EPS003', 'Buga', 'Baja', 'En atención', '2026-04-13 07:19:00', '2026-06-05 07:11:00'),
	(509, 'CC', '95624761', 'Mateo Díaz Jiménez', '1939-08-03', 'Masculino', '3133035430', 'mateo.diaz509@example.test', 'EPS004', 'Palmira', 'Baja', 'Pendiente', '2026-06-12 18:18:00', '2026-06-15 02:27:00'),
	(510, 'TI', '36802015', 'Camila Jiménez Giraldo', '2009-10-25', 'Femenino', '3053532816', 'camila.jimenez510@example.test', 'EPS009', 'Palmira', 'Alta', 'Atendido', '2026-04-22 03:48:00', '2026-05-09 01:12:00'),
	(511, 'CC', '223446886', 'Esteban Castro Mendoza', '1981-09-08', 'Prefiere no informar', '3213943222', 'esteban.castro511@example.test', 'EPS003', 'Buga', 'Baja', 'Atendido', '2026-04-06 07:22:00', '2026-04-21 15:15:00'),
	(512, 'CC', '722484463', 'Sebastián Sánchez Romero', '1987-02-07', 'Masculino', '3214991650', 'sebastian.sanchez512@example.test', 'EPS006', 'Cali', 'Media', 'En atención', '2026-03-31 13:42:00', '2026-06-22 10:57:00'),
	(513, 'CC', '406403578', 'David Muñoz Romero', '1937-12-07', 'Masculino', '3025784686', 'david.munoz513@example.test', 'EPS007', 'Palmira', 'Media', 'Pendiente', '2026-06-13 04:19:00', '2026-06-20 03:33:00'),
	(514, 'CC', '1120355934', 'Paula Ospina Valencia', '1977-04-04', 'Femenino', '3046227676', 'paula.ospina514@example.test', 'EPS010', 'Tuluá', 'Media', 'Pendiente', '2026-05-25 19:08:00', '2026-06-13 02:51:00'),
	(515, 'CC', '1098761749', 'Andrea Diana Jiménez Castaño', '1985-02-20', 'Femenino', '3043290103', 'andrea.jimenez515@example.test', 'EPS007', 'Jamundí', 'Alta', 'Atendido', '2026-03-29 15:33:00', '2026-07-09 19:43:00'),
	(516, 'CC', '764552967', 'Santiago Romero Mendoza', '1988-04-13', 'Masculino', '3163940339', 'santiago.romero516@example.test', 'EPS008', 'Cali', 'Alta', 'Atendido', '2026-06-08 21:50:00', '2026-06-18 00:39:00'),
	(517, 'TI', '245444342', 'María Castro Quintero', '2017-04-19', 'Femenino', '3218131502', 'maria.castro517@example.test', 'EPS005', 'Cartago', 'Media', 'Pendiente', '2026-06-27 00:07:00', '2026-07-01 12:38:00'),
	(518, 'CC', '824842421', 'Julián Santiago Castro Ramírez', '1986-06-03', 'Masculino', '3125419811', 'julian.castro518@example.test', 'EPS002', 'Yumbo', 'Baja', 'Atendido', '2026-06-17 09:20:00', '2026-06-29 01:33:00'),
	(519, 'CC', '113321889', 'Isabella Jiménez Ruiz', '1997-06-22', 'Femenino', '3048710707', 'isabella.jimenez519@example.test', 'EPS007', 'Palmira', 'Baja', 'Atendido', '2026-07-06 14:54:00', '2026-07-06 17:41:00'),
	(520, 'CC', '721336585', 'José Sánchez Cárdenas', '1972-12-08', 'Masculino', '3134554318', 'jose.sanchez520@example.test', 'EPS009', 'Yumbo', 'Baja', 'Pendiente', '2026-06-15 18:01:00', '2026-07-04 01:31:00'),
	(521, 'CC', '446841287', 'Daniel Ospina Castaño', '2007-09-05', 'Masculino', '3121490574', 'daniel.ospina521@example.test', 'EPS007', 'Jamundí', 'Media', 'Atendido', '2026-07-01 19:52:00', '2026-07-06 18:58:00'),
	(522, 'CC', '650184000', 'Mateo Giraldo Ortiz', '1973-06-25', 'Masculino', '3168728290', 'mateo.giraldo522@example.test', 'EPS009', 'Buga', 'Media', 'En atención', '2026-06-10 20:29:00', '2026-06-14 13:49:00'),
	(523, 'CC', '332572006', 'Camila Giraldo Rojas', '1980-12-01', 'Femenino', '3059084844', 'camila.giraldo523@example.test', 'EPS004', 'Jamundí', 'Alta', 'En atención', '2026-04-23 20:53:00', '2026-05-26 06:24:00'),
	(524, 'CC', '115533129', 'Carlos Hernández Torres', '1974-07-29', 'Masculino', '3009395256', 'carlos.hernandez524@example.test', 'EPS010', 'Yumbo', 'Baja', 'Pendiente', '2026-04-25 09:22:00', '2026-05-08 14:56:00'),
	(525, 'CC', '217542848', 'Paula Luisa González Romero', '1993-07-03', 'Femenino', '3193716134', 'paula.gonzalez525@example.test', 'EPS006', 'Palmira', 'Alta', 'Pendiente', '2026-05-11 09:27:00', '2026-05-19 20:08:00'),
	(526, 'CC', '696855401', 'Paula Restrepo González', '1944-12-17', 'Femenino', '3156743689', 'paula.restrepo526@example.test', 'EPS004', 'Cali', 'Alta', 'En atención', '2026-04-19 16:10:00', '2026-06-16 07:26:00'),
	(527, 'CC', '330401609', 'Felipe Juan Pérez Martínez', '1977-03-15', 'Masculino', '3024112272', 'felipe.perez527@example.test', 'EPS004', 'Palmira', 'Baja', 'Atendido', '2026-05-22 14:29:00', '2026-07-01 00:44:00'),
	(528, 'CC', '798422925', 'Sebastián Andrés Díaz Restrepo', '2004-01-05', 'Masculino', '3156430882', 'sebastian.diaz528@example.test', 'EPS001', 'Tuluá', 'Media', 'Atendido', '2026-04-26 23:09:00', '2026-06-22 19:11:00'),
	(529, 'CC', '888948095', 'Natalia Ramírez Valencia', '1973-01-07', 'Femenino', '3197276046', 'natalia.ramirez529@example.test', 'EPS004', 'Palmira', 'Media', 'Atendido', '2026-05-20 07:09:00', '2026-06-17 16:05:00'),
	(530, 'TI', '854350541', 'Valentina Ramírez Ruiz', '2013-12-04', 'Femenino', '3128629272', 'valentina.ramirez530@example.test', 'EPS001', 'Cartago', 'Alta', 'Pendiente', '2026-04-24 09:03:00', '2026-05-22 20:22:00'),
	(531, 'CC', '1132897836', 'Luisa María Torres García', '2008-02-25', 'Femenino', '3107384731', 'luisa.torres531@example.test', 'EPS006', 'Jamundí', 'Media', 'En atención', '2026-05-29 19:15:00', '2026-07-05 09:20:00'),
	(532, 'TI', '300044317', 'Sara Romero Ortiz', '2013-01-04', 'Femenino', '3177508291', 'sara.romero532@example.test', 'EPS004', 'Palmira', 'Alta', 'Atendido', '2026-07-03 05:32:00', '2026-07-04 12:06:00'),
	(533, 'CC', '258725412', 'Tomás Restrepo González', '1998-02-11', 'Masculino', '3019238465', 'tomas.restrepo533@example.test', 'EPS003', 'Jamundí', 'Media', 'Atendido', '2026-05-12 10:57:00', '2026-06-19 06:12:00'),
	(534, 'CE', '1064244697', 'Carolina Ospina Hernández', '1973-08-26', 'Femenino', '3214106967', 'carolina.ospina534@example.test', 'EPS004', 'Cartago', 'Media', 'Atendido', '2026-03-30 06:40:00', '2026-06-03 15:03:00'),
	(535, 'TI', '1055100729', 'Julián Álvarez Restrepo', '2015-03-29', 'Masculino', '3172704284', 'julian.alvarez535@example.test', 'EPS004', 'Palmira', 'Media', 'En atención', '2026-04-03 23:07:00', '2026-05-11 16:31:00'),
	(536, 'CC', '193310835', 'David Moreno Giraldo', '1971-01-12', 'Masculino', '3184743124', 'david.moreno536@example.test', 'EPS003', 'Yumbo', 'Media', 'Pendiente', '2026-06-05 00:41:00', '2026-07-07 19:18:00'),
	(537, 'CC', '92668919', 'Catalina Paula Jiménez Sánchez', '1984-12-14', 'Femenino', '3114946026', 'catalina.jimenez537@example.test', 'EPS001', 'Cartago', 'Baja', 'Pendiente', '2026-05-10 06:04:00', '2026-05-12 19:45:00'),
	(538, 'CC', '750485777', 'Daniela Carolina Castro Vargas', '1988-12-25', 'Femenino', '3186735108', 'daniela.castro538@example.test', 'EPS003', 'Cartago', 'Alta', 'Atendido', '2026-03-27 14:29:00', '2026-05-27 02:35:00'),
	(539, 'CC', '1076189868', 'Sebastián Cárdenas Castro', '1958-07-10', 'Masculino', '3029709556', 'sebastian.cardenas539@example.test', 'EPS010', 'Cali', 'Media', 'Atendido', '2026-05-10 00:48:00', '2026-06-11 13:22:00'),
	(540, 'CC', '1069207477', 'Paula Martínez Ruiz', '2004-03-22', 'Femenino', '3106248699', 'paula.martinez540@example.test', 'EPS005', 'Cali', 'Media', 'En atención', '2026-05-19 21:34:00', '2026-06-16 15:27:00'),
	(541, 'CC', '1111602698', 'Daniela Castaño González', '1965-03-25', 'Femenino', '3005852369', 'daniela.castano541@example.test', 'EPS005', 'Cartago', 'Baja', 'Pendiente', '2026-06-20 07:14:00', '2026-07-01 03:34:00'),
	(542, 'CC', '1156040608', 'María Rojas Silva', '1986-11-13', 'Femenino', '3021491961', 'maria.rojas542@example.test', 'EPS008', 'Buga', 'Alta', 'En atención', '2026-04-16 12:06:00', '2026-06-04 08:40:00'),
	(543, 'CC', '330025868', 'Santiago Díaz Rodríguez', '1992-02-09', 'Masculino', '3179351450', 'santiago.diaz543@example.test', 'EPS006', 'Yumbo', 'Media', 'Atendido', '2026-05-14 15:47:00', '2026-05-27 14:06:00'),
	(544, 'CC', '355031180', 'Juliana Torres López', '1996-08-20', 'Femenino', '3173834474', 'juliana.torres544@example.test', 'EPS010', 'Tuluá', 'Media', 'Pendiente', '2026-07-05 23:24:00', '2026-07-06 11:36:00'),
	(545, 'CC', '611660664', 'Camila Quintero Pérez', '1999-03-25', 'Femenino', '3179402676', 'camila.quintero545@example.test', 'EPS004', 'Jamundí', 'Baja', 'Pendiente', '2026-05-31 13:37:00', '2026-06-20 16:35:00'),
	(546, 'CC', '1183883930', 'Alejandro Sánchez Valencia', '1981-05-02', 'Masculino', '3106788354', 'alejandro.sanchez546@example.test', 'EPS007', 'Cali', 'Alta', 'Pendiente', '2026-05-30 21:01:00', '2026-06-14 03:29:00'),
	(547, 'CC', '70773998', 'Julián Castaño Ospina', '1961-01-01', 'Masculino', '3195161535', 'julian.castano547@example.test', 'EPS004', 'Yumbo', 'Alta', 'Pendiente', '2026-03-11 19:43:00', '2026-06-15 02:03:00'),
	(548, 'CC', '1158499665', 'Paula Ospina Pérez', '1975-07-01', 'Femenino', '3171282753', 'paula.ospina548@example.test', 'EPS007', 'Tuluá', 'Baja', 'Atendido', '2026-05-18 03:18:00', '2026-05-21 18:39:00'),
	(549, 'CC', '945224467', 'Mateo Moreno Ospina', '1971-08-24', 'Masculino', '3184645116', 'mateo.moreno549@example.test', 'EPS010', 'Palmira', 'Alta', 'Pendiente', '2026-04-29 01:38:00', '2026-04-29 01:54:00'),
	(550, 'CC', '161609433', 'Isabella Ospina Restrepo', '1969-10-01', 'Femenino', '3213516615', 'isabella.ospina550@example.test', 'EPS004', 'Tuluá', 'Baja', 'Pendiente', '2026-03-19 08:43:00', '2026-03-30 19:30:00'),
	(551, 'CC', '1134180765', 'Santiago José Silva Pérez', '1976-02-22', 'Masculino', '3143122092', 'santiago.silva551@example.test', 'EPS004', 'Yumbo', 'Media', 'Atendido', '2026-03-24 12:01:00', '2026-06-07 14:33:00'),
	(552, 'CC', '848337199', 'Andrea Pérez Ortiz', '1979-12-16', 'Femenino', '3021235296', 'andrea.perez552@example.test', 'EPS003', 'Palmira', 'Media', 'Pendiente', '2026-06-28 18:42:00', '2026-06-28 22:05:00'),
	(553, 'CC', '12033422', 'Juliana García Jiménez', '1983-10-26', 'Femenino', '3028915476', 'juliana.garcia553@example.test', 'EPS001', 'Tuluá', 'Baja', 'Atendido', '2026-07-01 00:56:00', '2026-07-06 23:07:00'),
	(554, 'CC', '126875634', 'Catalina García Álvarez', '1973-08-08', 'Femenino', '3143511475', 'catalina.garcia554@example.test', 'EPS008', 'Buga', 'Baja', 'Atendido', '2026-04-12 14:32:00', '2026-07-01 07:09:00'),
	(555, 'CC', '276593403', 'Valentina Martínez Cárdenas', '1986-08-13', 'Femenino', '3179657360', 'valentina.martinez555@example.test', 'EPS008', 'Tuluá', 'Media', 'En atención', '2026-04-03 21:59:00', '2026-06-27 19:12:00'),
	(556, 'CC', '259937258', 'José Hernández García', '1983-06-04', 'Masculino', '3161498254', 'jose.hernandez556@example.test', 'EPS005', 'Cali', 'Baja', 'En atención', '2026-06-01 11:19:00', '2026-07-01 11:32:00'),
	(557, 'TI', '1169865430', 'Ana López Sánchez', '2015-09-04', 'Femenino', '3152816238', 'ana.lopez557@example.test', 'EPS007', 'Buga', 'Alta', 'Atendido', '2026-04-18 16:48:00', '2026-04-28 00:57:00'),
	(558, 'CC', '284651424', 'Luisa Cárdenas Torres', '1990-01-19', 'Femenino', '3209803699', 'luisa.cardenas558@example.test', 'EPS002', 'Tuluá', 'Alta', 'Atendido', '2026-03-31 13:56:00', '2026-06-11 21:31:00'),
	(559, 'CC', '1045338510', 'Sara Castro Rodríguez', '2001-05-06', 'Femenino', '3126698311', 'sara.castro559@example.test', 'EPS005', 'Tuluá', 'Baja', 'Pendiente', '2026-04-04 16:46:00', '2026-06-27 05:00:00'),
	(560, 'CC', '360189797', 'Andrea Torres Sánchez', '1974-09-26', 'Femenino', '3025685617', 'andrea.torres560@example.test', 'EPS010', 'Tuluá', 'Media', 'Atendido', '2026-05-24 17:52:00', '2026-06-04 06:02:00'),
	(561, 'CC', '270455600', 'Esteban Ospina Mendoza', '1994-03-23', 'Masculino', '3047827386', 'esteban.ospina561@example.test', 'EPS004', 'Jamundí', 'Baja', 'Atendido', '2026-05-18 00:03:00', '2026-05-20 20:32:00'),
	(562, 'CC', '209636111', 'Andrés Quintero Castro', '1995-07-21', 'Otro', '3189885718', 'andres.quintero562@example.test', 'EPS010', 'Cali', 'Alta', 'Atendido', '2026-05-23 00:45:00', '2026-06-03 06:22:00'),
	(563, 'CC', '1032463325', 'María Ruiz Muñoz', '2004-04-08', 'Femenino', '3044101801', 'maria.ruiz563@example.test', 'EPS010', 'Cali', 'Baja', 'Pendiente', '2026-04-11 03:40:00', '2026-04-27 20:17:00'),
	(564, 'CC', '463556562', 'Nicolás Andrés Castaño Díaz', '1994-10-24', 'Masculino', '3167922331', 'nicolas.castano564@example.test', 'EPS007', 'Cartago', 'Baja', 'Pendiente', '2026-05-29 13:21:00', '2026-07-06 02:06:00'),
	(565, 'CC', '331013332', 'Valentina Álvarez Jiménez', '1994-09-10', 'Femenino', '3006886166', 'valentina.alvarez565@example.test', 'EPS005', 'Tuluá', 'Baja', 'Atendido', '2026-06-19 16:41:00', '2026-07-10 06:22:00'),
	(566, 'PA', '943968028', 'Ricardo José Rojas Sánchez', '1964-07-27', 'Masculino', '3174388346', 'ricardo.rojas566@example.test', 'EPS009', 'Cartago', 'Baja', 'Pendiente', '2026-04-23 22:15:00', '2026-05-06 05:05:00'),
	(567, 'CC', '721955486', 'Alejandra Cárdenas Vargas', '2003-03-08', 'Femenino', '3185224065', 'alejandra.cardenas567@example.test', 'EPS009', 'Buga', 'Alta', 'Atendido', '2026-03-19 21:04:00', '2026-03-21 00:31:00'),
	(568, 'CC', '469195615', 'Carlos Rodríguez Castaño', '1979-10-23', 'Masculino', '3173067476', 'carlos.rodriguez568@example.test', 'EPS004', 'Cartago', 'Media', 'En atención', '2026-05-17 10:35:00', '2026-06-23 07:50:00'),
	(569, 'CC', '968817665', 'Andrea Álvarez Valencia', '1936-11-04', 'Femenino', '3137542414', 'andrea.alvarez569@example.test', 'EPS006', 'Palmira', 'Media', 'Pendiente', '2026-05-26 02:52:00', '2026-05-31 15:15:00'),
	(570, 'CC', '825286747', 'Laura Castaño Silva', '1984-02-27', 'Femenino', '3227787216', 'laura.castano570@example.test', 'EPS010', 'Cartago', 'Media', 'Atendido', '2026-05-15 08:22:00', '2026-05-27 21:39:00'),
	(571, 'CC', '886923214', 'Daniel Jiménez García', '2003-05-31', 'Masculino', '3208026874', 'daniel.jimenez571@example.test', 'EPS010', 'Cartago', 'Media', 'Atendido', '2026-06-26 18:44:00', '2026-07-04 23:04:00'),
	(572, 'TI', '579796811', 'Alejandra López Muñoz', '2011-01-09', 'Femenino', '3042989998', 'alejandra.lopez572@example.test', 'EPS008', 'Yumbo', 'Baja', 'Atendido', '2026-05-07 03:41:00', '2026-05-20 04:15:00'),
	(573, 'TI', '881524984', 'Miguel Tomás Romero Giraldo', '2008-12-06', 'Masculino', '3007163416', 'miguel.romero573@example.test', 'EPS007', 'Cartago', 'Baja', 'En atención', '2026-04-20 02:59:00', '2026-04-27 23:34:00'),
	(574, 'CC', '449615036', 'Cristian Cárdenas Rojas', '1957-07-22', 'Masculino', '3048124385', 'cristian.cardenas574@example.test', 'EPS007', 'Buga', 'Media', 'Atendido', '2026-06-07 23:03:00', '2026-06-17 07:38:00'),
	(575, 'CC', '71122675', 'Samuel Carlos Quintero Muñoz', '1984-01-07', 'Masculino', '3108790876', 'samuel.quintero575@example.test', 'EPS002', 'Cali', 'Alta', 'Pendiente', '2026-06-17 11:03:00', '2026-06-22 22:42:00'),
	(576, 'CC', '518407262', 'Miguel Muñoz Giraldo', '1970-05-20', 'Masculino', '3216038143', 'miguel.munoz576@example.test', 'EPS007', 'Cartago', 'Baja', 'Atendido', '2026-04-13 23:59:00', '2026-04-25 22:36:00'),
	(577, 'CC', '1155965725', 'Laura Ruiz García', '2000-04-06', 'Femenino', '3162731054', 'laura.ruiz577@example.test', 'EPS009', 'Palmira', 'Baja', 'Pendiente', '2026-05-31 23:58:00', '2026-07-01 22:53:00'),
	(578, 'CC', '887153542', 'Natalia Ruiz Hernández', '1974-07-30', 'Femenino', '3002992013', 'natalia.ruiz578@example.test', 'EPS004', 'Palmira', 'Baja', 'Pendiente', '2026-03-17 18:10:00', '2026-06-29 20:16:00'),
	(579, 'CC', '923033053', 'Nicolás Restrepo López', '2005-08-13', 'Masculino', '3022892495', 'nicolas.restrepo579@example.test', 'EPS008', 'Cartago', 'Alta', 'En atención', '2026-03-28 00:27:00', '2026-06-10 06:50:00'),
	(580, 'CC', '872058945', 'Paula Castro Muñoz', '1965-03-01', 'Femenino', '3123346730', 'paula.castro580@example.test', 'EPS004', 'Cali', 'Media', 'En atención', '2026-05-04 03:27:00', '2026-07-06 09:40:00'),
	(581, 'CC', '359139102', 'Andrea Álvarez García', '1983-04-03', 'Femenino', '3106542809', 'andrea.alvarez581@example.test', 'EPS009', 'Tuluá', 'Media', 'Atendido', '2026-07-04 09:34:00', '2026-07-05 13:20:00'),
	(582, 'CC', '519857886', 'Cristian Vargas Restrepo', '1976-07-07', 'Masculino', '3143354308', 'cristian.vargas582@example.test', 'EPS003', 'Jamundí', 'Baja', 'Pendiente', '2026-06-20 02:41:00', '2026-07-07 21:52:00'),
	(583, 'CC', '599257414', 'Sofía Rodríguez Hernández', '1982-06-06', 'Femenino', '3059740446', 'sofia.rodriguez583@example.test', 'EPS003', 'Yumbo', 'Media', 'Atendido', '2026-04-29 09:04:00', '2026-06-30 21:53:00'),
	(584, 'CC', '856485862', 'Camila Alejandra González Martínez', '1983-10-01', 'Femenino', '3217440887', 'camila.gonzalez584@example.test', 'EPS002', 'Palmira', 'Media', 'En atención', '2026-05-28 14:24:00', '2026-06-22 20:43:00'),
	(585, 'CC', '599941035', 'Daniel Castaño Sánchez', '1997-12-13', 'Masculino', '3053758698', 'daniel.castano585@example.test', 'EPS004', 'Palmira', 'Alta', 'En atención', '2026-05-26 08:16:00', '2026-07-05 23:21:00'),
	(586, 'CC', '577894403', 'Tomás Cristian Restrepo Rojas', '1988-02-03', 'Masculino', '3046697079', 'tomas.restrepo586@example.test', 'EPS003', 'Buga', 'Alta', 'En atención', '2026-04-05 11:04:00', '2026-05-05 05:46:00'),
	(587, 'CC', '1055285594', 'Carolina Ortiz Muñoz', '1950-08-22', 'Femenino', '3124822271', 'carolina.ortiz587@example.test', 'EPS006', 'Jamundí', 'Media', 'Pendiente', '2026-06-06 08:11:00', '2026-06-16 19:37:00'),
	(588, 'CC', '1043354454', 'Laura Ortiz Moreno', '1967-12-22', 'Femenino', '3046435952', 'laura.ortiz588@example.test', 'EPS004', 'Cartago', 'Alta', 'Atendido', '2026-05-08 09:24:00', '2026-06-17 08:42:00'),
	(589, 'CC', '1192281175', 'Carolina Castro Ortiz', '1966-09-04', 'Femenino', '3172547850', 'carolina.castro589@example.test', 'EPS001', 'Palmira', 'Media', 'Atendido', '2026-05-13 23:49:00', '2026-05-31 20:37:00'),
	(590, 'TI', '19252476', 'Esteban Ortiz Rojas', '2009-12-21', 'Masculino', '3171685707', 'esteban.ortiz590@example.test', 'EPS007', 'Buga', 'Media', 'Atendido', '2026-04-20 18:18:00', '2026-05-22 10:19:00'),
	(591, 'CC', '1173907595', 'Santiago Andrés Quintero Vargas', '1982-09-20', 'Otro', '3125680685', 'santiago.quintero591@example.test', 'EPS005', 'Cali', 'Media', 'Pendiente', '2026-05-12 05:12:00', '2026-06-13 00:17:00'),
	(592, 'TI', '698116449', 'Juan Valencia Pérez', '2012-12-29', 'Masculino', '3111241420', 'juan.valencia592@example.test', 'EPS010', 'Cartago', 'Media', 'En atención', '2026-05-14 04:16:00', '2026-06-02 01:33:00'),
	(593, 'CC', '50701842', 'Laura Juliana Hernández García', '1961-11-28', 'Femenino', '3181240467', 'laura.hernandez593@example.test', 'EPS007', 'Cali', 'Media', 'Atendido', '2026-05-05 02:13:00', '2026-05-06 02:36:00'),
	(594, 'CC', '629263585', 'Laura García Sánchez', '1966-11-04', 'Femenino', '3143773592', 'laura.garcia594@example.test', 'EPS006', 'Yumbo', 'Alta', 'Atendido', '2026-04-12 12:08:00', '2026-07-05 01:51:00'),
	(595, 'CC', '202693817', 'Isabella Muñoz Mendoza', '1961-08-14', 'Femenino', '3027393311', 'isabella.munoz595@example.test', 'EPS009', 'Palmira', 'Alta', 'Pendiente', '2026-07-04 06:16:00', '2026-07-04 18:03:00'),
	(596, 'CC', '621853597', 'Tomás Pérez Giraldo', '1970-12-17', 'Masculino', '3115542316', 'tomas.perez596@example.test', 'EPS001', 'Buga', 'Alta', 'En atención', '2026-06-16 18:47:00', '2026-06-18 20:12:00'),
	(597, 'CC', '429325382', 'David Silva Ruiz', '1985-04-17', 'Masculino', '3228389905', 'david.silva597@example.test', 'EPS004', 'Tuluá', 'Media', 'Pendiente', '2026-04-11 02:17:00', '2026-07-03 14:15:00'),
	(598, 'CC', '113065306', 'Manuela Rodríguez Ramírez', '1970-11-03', 'Femenino', '3114496000', 'manuela.rodriguez598@example.test', 'EPS007', 'Yumbo', 'Media', 'Pendiente', '2026-05-12 09:11:00', '2026-06-15 05:47:00'),
	(599, 'CC', '761049983', 'Carolina Ruiz Restrepo', '1981-10-04', 'Femenino', '3019122541', 'carolina.ruiz599@example.test', 'EPS003', 'Tuluá', 'Baja', 'Pendiente', '2026-04-09 12:20:00', '2026-06-15 02:02:00'),
	(600, 'CC', '483940269', 'Alejandro David Martínez Valencia', '1983-10-26', 'Masculino', '3212598458', 'alejandro.martinez600@example.test', 'EPS010', 'Cartago', 'Baja', 'Atendido', '2026-03-29 17:14:00', '2026-06-08 14:45:00'),
	(601, 'CC', '879499601', 'Nicolás Ramírez Sánchez', '1990-09-28', 'Prefiere no informar', '3125304629', 'nicolas.ramirez601@example.test', 'EPS008', 'Tuluá', 'Media', 'Atendido', '2026-06-13 13:21:00', '2026-07-07 15:14:00'),
	(602, 'CC', '16856933', 'Juan Hernández Cárdenas', '2007-09-02', 'Masculino', '3015020203', 'juan.hernandez602@example.test', 'EPS008', 'Palmira', 'Media', 'Atendido', '2026-06-06 17:23:00', '2026-06-10 10:57:00'),
	(603, 'CC', '377700094', 'Manuela Castaño Pérez', '1960-03-02', 'Femenino', '3044634732', 'manuela.castano603@example.test', 'EPS001', 'Jamundí', 'Baja', 'Atendido', '2026-03-25 20:16:00', '2026-05-16 02:22:00'),
	(604, 'CC', '630330698', 'Sara Álvarez Vargas', '1981-10-11', 'Femenino', '3053827279', 'sara.alvarez604@example.test', 'EPS003', 'Palmira', 'Alta', 'Pendiente', '2026-06-12 00:25:00', '2026-07-07 12:29:00'),
	(605, 'CC', '1184477389', 'Ricardo Romero Martínez', '1945-10-19', 'Prefiere no informar', '3224637467', 'ricardo.romero605@example.test', 'EPS002', 'Cartago', 'Baja', 'Pendiente', '2026-06-05 03:21:00', '2026-06-14 03:34:00'),
	(606, 'CC', '1108334475', 'Ricardo Moreno Ortiz', '1969-12-19', 'Masculino', '3182021570', 'ricardo.moreno606@example.test', 'EPS001', 'Yumbo', 'Alta', 'Pendiente', '2026-06-15 22:54:00', '2026-06-22 16:49:00'),
	(607, 'CC', '578412907', 'María Valencia Martínez', '1984-04-07', 'Femenino', '3208395005', 'maria.valencia607@example.test', 'EPS003', 'Tuluá', 'Media', 'Atendido', '2026-03-19 20:52:00', '2026-03-29 01:31:00'),
	(608, 'CC', '466501751', 'Gabriela Quintero Romero', '1952-07-27', 'Femenino', '3113762059', 'gabriela.quintero608@example.test', 'EPS007', 'Jamundí', 'Media', 'Atendido', '2026-06-01 07:54:00', '2026-07-04 01:52:00'),
	(609, 'TI', '248322459', 'David Ortiz Silva', '2010-01-26', 'Masculino', '3197351753', 'david.ortiz609@example.test', 'EPS003', 'Cartago', 'Baja', 'Atendido', '2026-04-13 14:01:00', '2026-06-13 20:26:00'),
	(610, 'CC', '165848128', 'Luisa Ramírez Ospina', '1955-02-11', 'Femenino', '3111275287', 'luisa.ramirez610@example.test', 'EPS006', 'Jamundí', 'Baja', 'Atendido', '2026-03-21 01:07:00', '2026-05-31 11:58:00'),
	(611, 'TI', '886486562', 'Camila Sofía Giraldo Hernández', '2020-01-07', 'Femenino', '3162977395', 'camila.giraldo611@example.test', 'EPS005', 'Cartago', 'Media', 'En atención', '2026-04-27 12:14:00', '2026-07-09 17:40:00'),
	(612, 'CC', '349263566', 'Sebastián Cristian Ruiz Romero', '1971-05-27', 'Masculino', '3203362285', 'sebastian.ruiz612@example.test', 'EPS002', 'Tuluá', 'Alta', 'Pendiente', '2026-05-19 08:44:00', '2026-06-11 23:40:00'),
	(613, 'CC', '1144203427', 'Camila Silva Álvarez', '1951-05-12', 'Femenino', '3143426443', 'camila.silva613@example.test', 'EPS003', 'Buga', 'Baja', 'Atendido', '2026-06-05 18:37:00', '2026-06-26 07:00:00'),
	(614, 'CC', '502863099', 'Carlos Jorge Romero Quintero', '1983-04-22', 'Masculino', '3116654962', 'carlos.romero614@example.test', 'EPS004', 'Cali', 'Media', 'Atendido', '2026-04-03 18:08:00', '2026-04-11 21:39:00'),
	(615, 'CC', '875808120', 'Julián Cárdenas García', '1970-12-19', 'Masculino', '3202198393', 'julian.cardenas615@example.test', 'EPS008', 'Tuluá', 'Media', 'Pendiente', '2026-07-06 09:25:00', '2026-07-10 07:44:00'),
	(616, 'TI', '1062510044', 'Isabella Díaz Vargas', '2011-04-02', 'Femenino', '3161413259', 'isabella.diaz616@example.test', 'EPS002', 'Cartago', 'Baja', 'En atención', '2026-07-10 06:08:00', '2026-07-10 08:07:00'),
	(617, 'TI', '462280508', 'Nicolás Carlos Moreno Hernández', '2019-04-06', 'Masculino', '3048924952', 'nicolas.moreno617@example.test', 'EPS009', 'Cartago', 'Media', 'En atención', '2026-04-19 21:11:00', '2026-05-12 21:13:00'),
	(618, 'CC', '1064562641', 'Isabella Muñoz Jiménez', '2006-12-14', 'Femenino', '3153355482', 'isabella.munoz618@example.test', 'EPS005', 'Jamundí', 'Media', 'Pendiente', '2026-04-14 12:12:00', '2026-04-18 15:52:00'),
	(619, 'CC', '690485921', 'Daniel Muñoz Martínez', '1975-02-12', 'Masculino', '3229018465', 'daniel.munoz619@example.test', 'EPS005', 'Jamundí', 'Baja', 'Pendiente', '2026-06-09 04:57:00', '2026-07-05 03:08:00'),
	(620, 'CC', '907999338', 'Valentina Álvarez Jiménez', '2003-03-28', 'Femenino', '3217737204', 'valentina.alvarez620@example.test', 'EPS007', 'Cartago', 'Media', 'Pendiente', '2026-03-27 11:12:00', '2026-07-04 23:01:00'),
	(621, 'CC', '1101691576', 'Sofía Alejandra Muñoz Díaz', '1985-09-02', 'Femenino', '3182473825', 'sofia.munoz621@example.test', 'EPS007', 'Buga', 'Baja', 'Atendido', '2026-05-11 20:21:00', '2026-05-15 05:08:00'),
	(622, 'CC', '1188957974', 'Carolina Moreno Martínez', '1967-03-30', 'Femenino', '3122400653', 'carolina.moreno622@example.test', 'EPS001', 'Cartago', 'Alta', 'Atendido', '2026-07-01 04:45:00', '2026-07-03 06:08:00'),
	(623, 'CC', '59909476', 'Carlos Sánchez Jiménez', '1991-05-11', 'Masculino', '3156436804', 'carlos.sanchez623@example.test', 'EPS003', 'Jamundí', 'Media', 'Pendiente', '2026-05-25 21:55:00', '2026-05-31 07:11:00'),
	(624, 'CC', '452778687', 'Andrea Castaño Hernández', '1985-08-15', 'Femenino', '3014091337', 'andrea.castano624@example.test', 'EPS001', 'Yumbo', 'Baja', 'Pendiente', '2026-06-02 13:51:00', '2026-07-01 10:04:00'),
	(625, 'CC', '232650811', 'Sofía Sara Hernández Martínez', '1981-09-09', 'Femenino', '3059145728', 'sofia.hernandez625@example.test', 'EPS003', 'Yumbo', 'Media', 'Atendido', '2026-05-20 00:19:00', '2026-07-03 20:51:00'),
	(626, 'CC', '1025212880', 'Felipe Castro Muñoz', '1957-07-24', 'Masculino', '3203783383', 'felipe.castro626@example.test', 'EPS009', 'Tuluá', 'Alta', 'Pendiente', '2026-05-31 18:29:00', '2026-06-24 12:08:00'),
	(627, 'CC', '979488966', 'Santiago Muñoz López', '1998-05-01', 'Masculino', '3164084741', 'santiago.munoz627@example.test', 'EPS003', 'Palmira', 'Baja', 'En atención', '2026-07-10 07:41:00', '2026-07-10 09:45:00'),
	(628, 'CC', '202310931', 'Santiago Romero Rodríguez', '1999-05-13', 'Masculino', '3056094730', 'santiago.romero628@example.test', 'EPS004', 'Cali', 'Baja', 'Pendiente', '2026-07-01 02:44:00', '2026-07-05 10:39:00'),
	(629, 'CC', '755288749', 'Tomás Torres Ruiz', '1956-02-04', 'Masculino', '3225796883', 'tomas.torres629@example.test', 'EPS002', 'Cartago', 'Baja', 'Pendiente', '2026-04-06 01:00:00', '2026-07-04 02:57:00'),
	(630, 'CC', '396433186', 'Isabella Sánchez Giraldo', '2004-08-03', 'Femenino', '3218342929', 'isabella.sanchez630@example.test', 'EPS010', 'Cartago', 'Media', 'Pendiente', '2026-06-07 04:24:00', '2026-07-04 05:56:00'),
	(631, 'PA', '376202437', 'Ricardo Julián Díaz Sánchez', '1984-05-01', 'Masculino', '3022460963', 'ricardo.diaz631@example.test', 'EPS002', 'Jamundí', 'Media', 'En atención', '2026-06-07 16:34:00', '2026-06-12 22:35:00'),
	(632, 'TI', '859215825', 'Sofía Romero García', '2016-10-12', 'Femenino', '3167518619', 'sofia.romero632@example.test', 'EPS002', 'Buga', 'Media', 'Atendido', '2026-04-28 06:42:00', '2026-06-04 08:14:00'),
	(633, 'PA', '619565257', 'Samuel Silva Vargas', '1983-06-09', 'Masculino', '3221429639', 'samuel.silva633@example.test', 'EPS008', 'Cali', 'Media', 'En atención', '2026-04-17 05:58:00', '2026-07-08 13:09:00'),
	(634, 'CC', '602535990', 'Andrés Moreno Sánchez', '1995-01-15', 'Masculino', '3175114326', 'andres.moreno634@example.test', 'EPS006', 'Buga', 'Alta', 'Atendido', '2026-04-04 02:43:00', '2026-06-14 17:21:00'),
	(635, 'CE', '422380288', 'Gabriela Isabella Torres Pérez', '2005-01-02', 'Femenino', '3183894976', 'gabriela.torres635@example.test', 'EPS005', 'Cali', 'Media', 'Atendido', '2026-03-30 09:03:00', '2026-04-30 06:12:00'),
	(636, 'CC', '979377688', 'Cristian Pérez Rojas', '1982-07-15', 'Masculino', '3007571361', 'cristian.perez636@example.test', 'EPS004', 'Cartago', 'Baja', 'Pendiente', '2026-04-05 13:33:00', '2026-04-16 19:25:00'),
	(637, 'CC', '274719157', 'Diana Valentina Ortiz Giraldo', '2001-05-03', 'Femenino', '3161869789', 'diana.ortiz637@example.test', 'EPS002', 'Cali', 'Alta', 'En atención', '2026-05-26 07:24:00', '2026-06-11 07:04:00'),
	(638, 'CC', '801681145', 'Samuel Rodríguez Castaño', '1981-05-10', 'Masculino', '3006275173', 'samuel.rodriguez638@example.test', 'EPS008', 'Tuluá', 'Media', 'Pendiente', '2026-04-19 19:56:00', '2026-07-08 11:00:00'),
	(639, 'CC', '839428794', 'David Rojas Quintero', '1971-07-15', 'Otro', '3134796130', 'david.rojas639@example.test', 'EPS008', 'Yumbo', 'Media', 'Atendido', '2026-05-29 09:05:00', '2026-07-05 13:42:00'),
	(640, 'CC', '633508895', 'María Sánchez Ramírez', '1965-09-07', 'Femenino', '3195780543', 'maria.sanchez640@example.test', 'EPS007', 'Tuluá', 'Alta', 'Atendido', '2026-05-02 11:31:00', '2026-05-13 08:09:00'),
	(641, 'CC', '224143568', 'Carlos Muñoz Jiménez', '1949-07-20', 'Masculino', '3042185869', 'carlos.munoz641@example.test', 'EPS002', 'Jamundí', 'Baja', 'Atendido', '2026-06-26 00:36:00', '2026-07-09 10:44:00'),
	(642, 'CC', '185318523', 'Natalia Pérez Castro', '1992-02-08', 'Femenino', '3111232871', 'natalia.perez642@example.test', 'EPS002', 'Tuluá', 'Baja', 'En atención', '2026-05-22 23:47:00', '2026-06-01 14:38:00'),
	(643, 'CC', '178941605', 'David Martínez Moreno', '2007-01-23', 'Masculino', '3203482969', 'david.martinez643@example.test', 'EPS006', 'Buga', 'Alta', 'En atención', '2026-05-04 14:46:00', '2026-05-08 12:56:00'),
	(644, 'CE', '83655387', 'Felipe Nicolás Ramírez Muñoz', '1996-09-11', 'Masculino', '3164436234', 'felipe.ramirez644@example.test', 'EPS001', 'Buga', 'Media', 'Atendido', '2026-03-23 08:14:00', '2026-03-24 22:19:00'),
	(645, 'TI', '436558859', 'Camila Ortiz Sánchez', '2012-10-17', 'Femenino', '3204230768', 'camila.ortiz645@example.test', 'EPS001', 'Buga', 'Media', 'Atendido', '2026-04-21 18:47:00', '2026-05-12 07:00:00'),
	(646, 'CC', '901616004', 'Carlos Hernández Rojas', '1970-01-07', 'Masculino', '3206483453', 'carlos.hernandez646@example.test', 'EPS006', 'Yumbo', 'Baja', 'Pendiente', '2026-04-26 22:09:00', '2026-05-02 02:20:00'),
	(647, 'CC', '955115169', 'Sofía Laura Castaño Cárdenas', '1996-05-16', 'Femenino', '3191688275', 'sofia.castano647@example.test', 'EPS004', 'Tuluá', 'Media', 'Pendiente', '2026-03-30 21:28:00', '2026-06-28 20:01:00'),
	(648, 'CC', '17513056', 'Carolina Romero Martínez', '1992-05-09', 'Femenino', '3197666977', 'carolina.romero648@example.test', 'EPS002', 'Palmira', 'Baja', 'En atención', '2026-04-23 05:20:00', '2026-05-20 05:44:00'),
	(649, 'CC', '183752283', 'Luisa Ruiz Quintero', '1977-09-05', 'Femenino', '3049045214', 'luisa.ruiz649@example.test', 'EPS010', 'Palmira', 'Baja', 'Pendiente', '2026-05-06 06:38:00', '2026-06-21 03:50:00'),
	(650, 'CC', '433184100', 'Natalia Ruiz Muñoz', '1958-07-09', 'Femenino', '3197719368', 'natalia.ruiz650@example.test', 'EPS008', 'Buga', 'Alta', 'Pendiente', '2026-06-17 13:01:00', '2026-06-24 22:37:00'),
	(651, 'CC', '481486085', 'Isabella Hernández Díaz', '1942-06-23', 'Femenino', '3188445136', 'isabella.hernandez651@example.test', 'EPS007', 'Palmira', 'Alta', 'Pendiente', '2026-06-06 06:39:00', '2026-06-19 15:49:00'),
	(652, 'TI', '31835218', 'Daniel Díaz Vargas', '2014-02-22', 'Masculino', '3131548392', 'daniel.diaz652@example.test', 'EPS001', 'Tuluá', 'Alta', 'Atendido', '2026-04-02 21:41:00', '2026-04-22 20:35:00'),
	(653, 'CC', '964168176', 'David Hernández Torres', '1991-01-06', 'Masculino', '3109959177', 'david.hernandez653@example.test', 'EPS010', 'Buga', 'Media', 'Pendiente', '2026-06-21 05:59:00', '2026-07-05 23:52:00'),
	(654, 'CC', '83768552', 'Juliana López Pérez', '1983-10-24', 'Femenino', '3121135612', 'juliana.lopez654@example.test', 'EPS007', 'Cali', 'Media', 'Pendiente', '2026-04-10 05:32:00', '2026-04-26 22:41:00'),
	(655, 'CC', '1145034783', 'Jorge Sebastián Moreno Castaño', '1977-10-05', 'Masculino', '3105662312', 'jorge.moreno655@example.test', 'EPS004', 'Cartago', 'Media', 'Atendido', '2026-06-19 07:28:00', '2026-06-29 07:18:00'),
	(656, 'CC', '157962014', 'Paula Quintero Romero', '1976-12-08', 'Femenino', '3026992867', 'paula.quintero656@example.test', 'EPS010', 'Yumbo', 'Media', 'Atendido', '2026-07-06 19:14:00', '2026-07-09 20:48:00'),
	(657, 'CC', '802890948', 'Diana Martínez Valencia', '1945-02-16', 'Femenino', '3202482824', 'diana.martinez657@example.test', 'EPS006', 'Jamundí', 'Media', 'Atendido', '2026-04-26 19:52:00', '2026-05-13 12:34:00'),
	(658, 'CC', '772051883', 'Andrés Silva Moreno', '1956-12-21', 'Masculino', '3026111674', 'andres.silva658@example.test', 'EPS009', 'Cartago', 'Media', 'Pendiente', '2026-05-01 09:17:00', '2026-05-21 05:20:00'),
	(659, 'CC', '585896460', 'Daniela Torres Sánchez', '1963-01-21', 'Femenino', '3198122267', 'daniela.torres659@example.test', 'EPS003', 'Palmira', 'Media', 'Atendido', '2026-04-01 13:24:00', '2026-04-30 19:04:00'),
	(660, 'PA', '741075126', 'Camila Mendoza López', '1973-06-25', 'Femenino', '3122875956', 'camila.mendoza660@example.test', 'EPS008', 'Jamundí', 'Baja', 'Atendido', '2026-04-17 02:57:00', '2026-04-26 04:05:00'),
	(661, 'CC', '1046027007', 'Esteban Carlos Ruiz Martínez', '1976-05-13', 'Masculino', '3139937526', 'esteban.ruiz661@example.test', 'EPS001', 'Cali', 'Alta', 'Pendiente', '2026-06-03 05:55:00', '2026-06-13 23:58:00'),
	(662, 'CE', '1036677761', 'Diana Vargas Muñoz', '1988-01-13', 'Femenino', '3125326020', 'diana.vargas662@example.test', 'EPS001', 'Cali', 'Baja', 'Pendiente', '2026-06-21 21:02:00', '2026-06-24 17:43:00'),
	(663, 'CC', '1089356821', 'Natalia Paula Rojas Jiménez', '1980-05-05', 'Femenino', '3107728725', 'natalia.rojas663@example.test', 'EPS005', 'Palmira', 'Baja', 'Atendido', '2026-07-02 19:17:00', '2026-07-03 08:53:00'),
	(664, 'CC', '501639356', 'Paula Ruiz Pérez', '1982-04-23', 'Femenino', '3192072764', 'paula.ruiz664@example.test', 'EPS005', 'Buga', 'Media', 'Pendiente', '2026-03-15 20:34:00', '2026-06-13 20:37:00'),
	(665, 'CE', '409876665', 'Daniel Silva Moreno', '1977-01-21', 'Masculino', '3215624251', 'daniel.silva665@example.test', 'EPS008', 'Palmira', 'Media', 'En atención', '2026-06-25 00:56:00', '2026-07-01 06:16:00'),
	(666, 'CC', '223035661', 'Gabriela López Rojas', '2007-04-12', 'Femenino', '3115996592', 'gabriela.lopez666@example.test', 'EPS010', 'Jamundí', 'Media', 'Pendiente', '2026-05-23 20:42:00', '2026-06-07 10:19:00'),
	(667, 'CC', '395211559', 'Ricardo Castro Torres', '2004-06-25', 'Masculino', '3028919505', 'ricardo.castro667@example.test', 'EPS008', 'Tuluá', 'Alta', 'Atendido', '2026-06-16 10:27:00', '2026-06-16 18:30:00'),
	(668, 'CC', '229302873', 'Julián Vargas Hernández', '1977-02-22', 'Masculino', '3027265212', 'julian.vargas668@example.test', 'EPS002', 'Cali', 'Baja', 'Atendido', '2026-05-20 17:10:00', '2026-05-25 11:33:00'),
	(669, 'CC', '900734573', 'Laura Díaz Valencia', '1998-01-21', 'Femenino', '3175160239', 'laura.diaz669@example.test', 'EPS007', 'Yumbo', 'Baja', 'Pendiente', '2026-03-31 18:12:00', '2026-04-20 03:54:00'),
	(670, 'CC', '264341374', 'Sofía Valencia García', '1993-09-02', 'Femenino', '3004475172', 'sofia.valencia670@example.test', 'EPS010', 'Tuluá', 'Baja', 'Pendiente', '2026-04-13 15:26:00', '2026-05-04 18:41:00'),
	(671, 'CC', '338255719', 'Juliana Ospina Rodríguez', '1953-10-24', 'Femenino', '3118207258', 'juliana.ospina671@example.test', 'EPS004', 'Cartago', 'Media', 'Atendido', '2026-06-22 12:28:00', '2026-06-30 01:36:00'),
	(672, 'CC', '665191142', 'Andrea Silva Torres', '1967-07-19', 'Femenino', '3136921804', 'andrea.silva672@example.test', 'EPS005', 'Cali', 'Baja', 'En atención', '2026-06-19 09:25:00', '2026-07-01 14:18:00'),
	(673, 'CC', '638083887', 'Sara Rojas Torres', '1992-10-11', 'Femenino', '3152791224', 'sara.rojas673@example.test', 'EPS005', 'Tuluá', 'Baja', 'En atención', '2026-04-07 09:22:00', '2026-05-22 10:12:00'),
	(674, 'CC', '461279988', 'Nicolás Samuel Castro Torres', '1991-06-30', 'Masculino', '3129743077', 'nicolas.castro674@example.test', 'EPS003', 'Jamundí', 'Alta', 'En atención', '2026-04-05 06:11:00', '2026-06-02 12:36:00'),
	(675, 'CC', '916636812', 'Manuela Catalina Díaz Restrepo', '1976-09-01', 'Femenino', '3058772622', 'manuela.diaz675@example.test', 'EPS003', 'Buga', 'Media', 'Atendido', '2026-06-08 06:45:00', '2026-06-26 11:46:00'),
	(676, 'CC', '662516645', 'Daniela Giraldo Pérez', '1999-04-01', 'Femenino', '3146174586', 'daniela.giraldo676@example.test', 'EPS003', 'Buga', 'Baja', 'Atendido', '2026-04-29 04:26:00', '2026-06-03 00:32:00'),
	(677, 'CC', '128628697', 'Laura Hernández Ruiz', '1968-02-25', 'Femenino', '3193037859', 'laura.hernandez677@example.test', 'EPS001', 'Cartago', 'Alta', 'Pendiente', '2026-05-14 06:12:00', '2026-06-24 15:58:00'),
	(678, 'CC', '1004368292', 'Catalina Cárdenas Quintero', '1942-11-12', 'Femenino', '3196916624', 'catalina.cardenas678@example.test', 'EPS007', 'Buga', 'Media', 'Atendido', '2026-04-23 07:29:00', '2026-06-17 12:22:00'),
	(679, 'CC', '1119426408', 'Luisa Valencia Sánchez', '1982-05-08', 'Femenino', '3148489977', 'luisa.valencia679@example.test', 'EPS003', 'Jamundí', 'Baja', 'Pendiente', '2026-06-11 14:54:00', '2026-06-18 03:08:00'),
	(680, 'CC', '1085873751', 'Daniel Cristian Castro Rodríguez', '1989-10-06', 'Otro', '3218136281', 'daniel.castro680@example.test', 'EPS010', 'Palmira', 'Baja', 'Atendido', '2026-05-09 14:09:00', '2026-06-07 18:52:00'),
	(681, 'CC', '1009349103', 'Mateo Castaño Silva', '1972-12-20', 'Masculino', '3152796648', 'mateo.castano681@example.test', 'EPS002', 'Cali', 'Alta', 'Atendido', '2026-07-03 21:09:00', '2026-07-04 15:49:00'),
	(682, 'CC', '610025996', 'José García Díaz', '1996-09-17', 'Masculino', '3186645245', 'jose.garcia682@example.test', 'EPS010', 'Yumbo', 'Media', 'Atendido', '2026-06-29 11:25:00', '2026-07-06 14:09:00'),
	(683, 'TI', '531157637', 'Jorge Díaz López', '2019-11-28', 'Masculino', '3024269343', 'jorge.diaz683@example.test', 'EPS008', 'Tuluá', 'Alta', 'Atendido', '2026-06-10 05:57:00', '2026-06-11 23:46:00'),
	(684, 'TI', '736006079', 'Manuela Andrea Cárdenas Pérez', '2014-02-16', 'Femenino', '3109277123', 'manuela.cardenas684@example.test', 'EPS005', 'Cartago', 'Media', 'Atendido', '2026-04-18 05:22:00', '2026-05-15 23:19:00'),
	(685, 'CC', '379793723', 'Alejandro Rodríguez Ortiz', '1968-10-17', 'Otro', '3148752713', 'alejandro.rodriguez685@example.test', 'EPS005', 'Cali', 'Baja', 'Pendiente', '2026-07-01 14:44:00', '2026-07-08 19:52:00'),
	(686, 'CC', '317483921', 'Juliana María Silva González', '1958-04-12', 'Femenino', '3131105007', 'juliana.silva686@example.test', 'EPS001', 'Cali', 'Media', 'En atención', '2026-05-05 10:02:00', '2026-05-11 11:18:00'),
	(687, 'CE', '655579943', 'Gabriela Isabella Mendoza Valencia', '1976-03-28', 'Femenino', '3105211664', 'gabriela.mendoza687@example.test', 'EPS005', 'Buga', 'Media', 'En atención', '2026-04-19 04:29:00', '2026-04-24 11:20:00'),
	(688, 'CC', '461761504', 'Jorge Vargas Cárdenas', '1997-10-09', 'Masculino', '3012897448', 'jorge.vargas688@example.test', 'EPS005', 'Palmira', 'Baja', 'Atendido', '2026-05-08 00:29:00', '2026-06-30 05:44:00'),
	(689, 'CC', '295549955', 'Gabriela Torres García', '1994-12-24', 'Femenino', '3202029581', 'gabriela.torres689@example.test', 'EPS007', 'Tuluá', 'Baja', 'Pendiente', '2026-06-18 06:32:00', '2026-06-25 13:10:00'),
	(690, 'CC', '890677114', 'Santiago Romero Castro', '2007-12-29', 'Masculino', '3184849269', 'santiago.romero690@example.test', 'EPS002', 'Jamundí', 'Baja', 'Pendiente', '2026-04-15 00:28:00', '2026-06-14 23:51:00'),
	(691, 'TI', '81265051', 'Santiago García Moreno', '2014-01-08', 'Masculino', '3205748697', 'santiago.garcia691@example.test', 'EPS006', 'Cali', 'Baja', 'Atendido', '2026-03-21 00:19:00', '2026-05-05 09:54:00'),
	(692, 'TI', '385585981', 'Juan Restrepo Martínez', '2021-12-21', 'Masculino', '3006436082', 'juan.restrepo692@example.test', 'EPS004', 'Buga', 'Media', 'Pendiente', '2026-03-12 14:07:00', '2026-04-03 14:57:00'),
	(693, 'TI', '1114017748', 'Daniel García Jiménez', '2019-06-01', 'Masculino', '3006844642', 'daniel.garcia693@example.test', 'EPS006', 'Jamundí', 'Media', 'Atendido', '2026-06-16 13:54:00', '2026-07-02 22:54:00'),
	(694, 'CC', '994154548', 'Catalina Daniela Moreno Ruiz', '1972-02-20', 'Femenino', '3109328782', 'catalina.moreno694@example.test', 'EPS004', 'Cartago', 'Media', 'Pendiente', '2026-05-03 12:52:00', '2026-05-23 02:36:00'),
	(695, 'CC', '1110672307', 'Camila Restrepo Torres', '1986-11-24', 'Femenino', '3001790603', 'camila.restrepo695@example.test', 'EPS007', 'Yumbo', 'Media', 'Pendiente', '2026-06-12 00:15:00', '2026-06-21 00:26:00'),
	(696, 'CC', '552328615', 'Juan Romero Vargas', '1978-02-15', 'Masculino', '3057125983', 'juan.romero696@example.test', 'EPS006', 'Cartago', 'Baja', 'Pendiente', '2026-05-17 07:29:00', '2026-06-17 22:45:00'),
	(697, 'PA', '1178077963', 'Alejandro Giraldo Romero', '1966-03-08', 'Masculino', '3126833889', 'alejandro.giraldo697@example.test', 'EPS002', 'Cartago', 'Baja', 'Pendiente', '2026-06-02 17:02:00', '2026-06-27 20:50:00'),
	(698, 'TI', '81333682', 'Andrés Rojas Giraldo', '2009-02-20', 'Masculino', '3107328626', 'andres.rojas698@example.test', 'EPS009', 'Yumbo', 'Alta', 'Pendiente', '2026-05-28 14:05:00', '2026-06-07 10:11:00'),
	(699, 'CC', '938590815', 'Juliana Gabriela Romero Álvarez', '1991-03-31', 'Femenino', '3141778901', 'juliana.romero699@example.test', 'EPS001', 'Jamundí', 'Media', 'Atendido', '2026-03-25 19:39:00', '2026-05-10 13:55:00'),
	(700, 'CC', '913395410', 'Manuela Rojas Ortiz', '2005-04-04', 'Femenino', '3101212950', 'manuela.rojas700@example.test', 'EPS004', 'Buga', 'Media', 'Atendido', '2026-05-30 12:28:00', '2026-06-23 16:58:00'),
	(701, 'CC', '497671342', 'Cristian Moreno Hernández', '1992-10-20', 'Masculino', '3159335502', 'cristian.moreno701@example.test', 'EPS008', 'Yumbo', 'Baja', 'Pendiente', '2026-06-07 10:15:00', '2026-06-24 09:20:00'),
	(702, 'CC', '1178573417', 'Manuela Giraldo Díaz', '2005-05-04', 'Femenino', '3161223261', 'manuela.giraldo702@example.test', 'EPS001', 'Cartago', 'Baja', 'Pendiente', '2026-06-27 10:19:00', '2026-06-30 17:41:00'),
	(703, 'CC', '346958107', 'Jorge Rojas Torres', '1978-06-08', 'Masculino', '3207244763', 'jorge.rojas703@example.test', 'EPS003', 'Cartago', 'Baja', 'Pendiente', '2026-07-03 05:04:00', '2026-07-04 09:17:00'),
	(704, 'CC', '1155758511', 'Nicolás Pérez Álvarez', '1967-02-24', 'Masculino', '3146307099', 'nicolas.perez704@example.test', 'EPS002', 'Yumbo', 'Baja', 'En atención', '2026-06-08 15:25:00', '2026-06-10 16:35:00'),
	(705, 'CC', '962411762', 'Laura Muñoz Silva', '1987-11-04', 'Femenino', '3146882038', 'laura.munoz705@example.test', 'EPS007', 'Buga', 'Media', 'Pendiente', '2026-04-12 13:03:00', '2026-06-03 07:02:00'),
	(706, 'CC', '357407077', 'Sebastián Carlos Torres Restrepo', '1977-10-18', 'Masculino', '3119571634', 'sebastian.torres706@example.test', 'EPS005', 'Yumbo', 'Media', 'Atendido', '2026-04-02 23:28:00', '2026-05-30 04:32:00'),
	(707, 'CC', '1021600263', 'Carlos Ospina Díaz', '1975-07-13', 'Masculino', '3056245570', 'carlos.ospina707@example.test', 'EPS005', 'Palmira', 'Media', 'Atendido', '2026-04-18 21:02:00', '2026-05-03 01:15:00'),
	(708, 'CC', '1020083983', 'Natalia Ospina Vargas', '1971-10-09', 'Femenino', '3188099825', 'natalia.ospina708@example.test', 'EPS005', 'Jamundí', 'Media', 'Atendido', '2026-05-22 16:49:00', '2026-06-10 14:14:00'),
	(709, 'CC', '271193534', 'Tomás Díaz Silva', '1985-06-25', 'Masculino', '3003364458', 'tomas.diaz709@example.test', 'EPS002', 'Cartago', 'Media', 'Pendiente', '2026-03-15 23:18:00', '2026-05-31 11:41:00'),
	(710, 'CC', '1155827689', 'Miguel Carlos Valencia Vargas', '1970-04-27', 'Masculino', '3059747680', 'miguel.valencia710@example.test', 'EPS008', 'Buga', 'Baja', 'En atención', '2026-03-11 20:42:00', '2026-03-22 16:37:00'),
	(711, 'CE', '314901013', 'Ricardo Castaño Muñoz', '1947-11-19', 'Masculino', '3121816759', 'ricardo.castano711@example.test', 'EPS004', 'Cali', 'Media', 'En atención', '2026-03-16 09:53:00', '2026-03-16 10:42:00'),
	(712, 'CC', '335144093', 'Alejandra Quintero Cárdenas', '1955-06-22', 'Femenino', '3125595216', 'alejandra.quintero712@example.test', 'EPS007', 'Cali', 'Alta', 'Pendiente', '2026-03-19 15:28:00', '2026-03-25 10:06:00'),
	(713, 'TI', '925249843', 'Samuel Ramírez Quintero', '2010-01-28', 'Masculino', '3222586137', 'samuel.ramirez713@example.test', 'EPS010', 'Buga', 'Media', 'Atendido', '2026-06-19 20:38:00', '2026-07-09 15:48:00'),
	(714, 'CC', '817400836', 'Santiago Julián Ortiz Vargas', '1996-08-20', 'Masculino', '3114829359', 'santiago.ortiz714@example.test', 'EPS007', 'Cali', 'Media', 'En atención', '2026-03-27 04:56:00', '2026-06-18 01:53:00'),
	(715, 'CC', '969188019', 'Paula Mendoza Ruiz', '1995-06-03', 'Femenino', '3142792770', 'paula.mendoza715@example.test', 'EPS005', 'Cali', 'Media', 'Pendiente', '2026-06-12 09:46:00', '2026-06-18 11:40:00'),
	(716, 'CC', '1199355621', 'Julián López Jiménez', '1965-01-16', 'Masculino', '3182673356', 'julian.lopez716@example.test', 'EPS002', 'Cali', 'Media', 'Atendido', '2026-05-06 14:24:00', '2026-05-08 18:23:00'),
	(717, 'PA', '1168477465', 'Alejandro Nicolás Cárdenas González', '2003-05-16', 'Masculino', '3105967050', 'alejandro.cardenas717@example.test', 'EPS003', 'Cali', 'Baja', 'Pendiente', '2026-05-15 10:46:00', '2026-06-29 09:05:00'),
	(718, 'CC', '220961043', 'Luisa Ramírez García', '1993-08-23', 'Femenino', '3114522387', 'luisa.ramirez718@example.test', 'EPS007', 'Jamundí', 'Alta', 'Atendido', '2026-03-26 10:19:00', '2026-05-13 13:04:00'),
	(719, 'CC', '1093123320', 'Juan Daniel Giraldo Rodríguez', '1993-04-09', 'Masculino', '3118009753', 'juan.giraldo719@example.test', 'EPS001', 'Cartago', 'Baja', 'Atendido', '2026-06-20 02:03:00', '2026-06-20 14:59:00'),
	(720, 'CC', '88544691', 'Luisa Ramírez Castro', '1947-08-05', 'Femenino', '3026699831', 'luisa.ramirez720@example.test', 'EPS006', 'Buga', 'Media', 'Atendido', '2026-04-26 00:57:00', '2026-06-21 22:28:00'),
	(721, 'CC', '702107571', 'David Ospina Ruiz', '1957-06-28', 'Masculino', '3127358012', 'david.ospina721@example.test', 'EPS004', 'Cali', 'Media', 'Pendiente', '2026-05-11 19:31:00', '2026-06-27 13:58:00'),
	(722, 'CC', '886510352', 'Valentina García Ospina', '1980-08-22', 'Femenino', '3059227473', 'valentina.garcia722@example.test', 'EPS003', 'Cali', 'Baja', 'En atención', '2026-03-12 23:37:00', '2026-04-06 12:53:00'),
	(723, 'CC', '33992566', 'José Díaz Torres', '1992-04-26', 'Masculino', '3207785610', 'jose.diaz723@example.test', 'EPS006', 'Tuluá', 'Media', 'Atendido', '2026-05-22 23:33:00', '2026-05-25 05:02:00'),
	(724, 'CC', '290975337', 'Ana López Quintero', '2006-03-07', 'Femenino', '3059655773', 'ana.lopez724@example.test', 'EPS008', 'Yumbo', 'Media', 'Atendido', '2026-03-26 20:28:00', '2026-04-23 02:41:00'),
	(725, 'CC', '1162368029', 'Samuel Andrés Ortiz Muñoz', '1969-10-26', 'Masculino', '3206619195', 'samuel.ortiz725@example.test', 'EPS001', 'Cartago', 'Baja', 'Atendido', '2026-03-17 13:00:00', '2026-04-03 01:29:00'),
	(726, 'CC', '1080464419', 'Carolina García Torres', '1984-07-20', 'Femenino', '3125430216', 'carolina.garcia726@example.test', 'EPS006', 'Cartago', 'Media', 'En atención', '2026-06-01 22:46:00', '2026-07-07 15:45:00'),
	(727, 'CC', '1175811606', 'Andrés Castro Rojas', '1952-09-08', 'Masculino', '3178154109', 'andres.castro727@example.test', 'EPS007', 'Jamundí', 'Media', 'Pendiente', '2026-05-21 06:27:00', '2026-06-09 19:59:00'),
	(728, 'CC', '494338159', 'Manuela Hernández Muñoz', '1976-06-29', 'Femenino', '3144401030', 'manuela.hernandez728@example.test', 'EPS005', 'Jamundí', 'Alta', 'En atención', '2026-06-22 07:14:00', '2026-06-30 09:08:00'),
	(729, 'CC', '506771188', 'Alejandra Ortiz Mendoza', '1989-04-11', 'Femenino', '3059378412', 'alejandra.ortiz729@example.test', 'EPS007', 'Cali', 'Media', 'Atendido', '2026-04-20 02:38:00', '2026-05-23 14:30:00'),
	(730, 'CC', '1003788717', 'Miguel Sánchez Ramírez', '1961-06-14', 'Masculino', '3202302674', 'miguel.sanchez730@example.test', 'EPS005', 'Cartago', 'Alta', 'Atendido', '2026-03-23 03:41:00', '2026-04-14 02:16:00'),
	(731, 'CC', '280528296', 'Laura Andrea Castro Vargas', '1987-09-06', 'Femenino', '3178370569', 'laura.castro731@example.test', 'EPS005', 'Cartago', 'Media', 'En atención', '2026-03-22 03:52:00', '2026-04-15 07:09:00'),
	(732, 'CC', '35060167', 'José Restrepo Quintero', '1968-03-17', 'Masculino', '3029865646', 'jose.restrepo732@example.test', 'EPS005', 'Tuluá', 'Baja', 'Atendido', '2026-05-01 03:26:00', '2026-06-28 05:29:00'),
	(733, 'CC', '36883087', 'Natalia González Jiménez', '1971-08-25', 'Femenino', '3185745055', 'natalia.gonzalez733@example.test', 'EPS001', 'Cali', 'Media', 'Pendiente', '2026-04-30 18:14:00', '2026-06-05 11:43:00'),
	(734, 'CC', '643582293', 'Andrés García Hernández', '1956-07-25', 'Masculino', '3059962544', 'andres.garcia734@example.test', 'EPS008', 'Tuluá', 'Media', 'Pendiente', '2026-06-08 20:47:00', '2026-07-02 21:10:00'),
	(735, 'CC', '55998214', 'Alejandro Díaz Mendoza', '1984-04-26', 'Masculino', '3127688167', 'alejandro.diaz735@example.test', 'EPS009', 'Tuluá', 'Media', 'Atendido', '2026-06-10 18:24:00', '2026-06-19 02:04:00'),
	(736, 'CC', '268141129', 'Camila Martínez Hernández', '1976-12-24', 'Femenino', '3026268173', 'camila.martinez736@example.test', 'EPS010', 'Cartago', 'Alta', 'Atendido', '2026-04-14 11:39:00', '2026-04-30 10:14:00'),
	(737, 'CC', '876113656', 'Ana Carolina Jiménez Silva', '1967-05-17', 'Femenino', '3144160879', 'ana.jimenez737@example.test', 'EPS001', 'Palmira', 'Baja', 'Atendido', '2026-04-16 03:17:00', '2026-07-07 02:42:00'),
	(738, 'CC', '559323159', 'Santiago Díaz Álvarez', '1989-05-26', 'Masculino', '3102399189', 'santiago.diaz738@example.test', 'EPS007', 'Palmira', 'Media', 'Atendido', '2026-03-27 03:52:00', '2026-04-04 07:33:00'),
	(739, 'CC', '517376772', 'Jorge Cárdenas García', '1987-11-26', 'Prefiere no informar', '3027074595', 'jorge.cardenas739@example.test', 'EPS006', 'Cali', 'Alta', 'Pendiente', '2026-06-12 13:07:00', '2026-06-19 06:34:00'),
	(740, 'CC', '291826244', 'Tomás Valencia López', '1994-07-31', 'Masculino', '3191130261', 'tomas.valencia740@example.test', 'EPS001', 'Palmira', 'Media', 'Pendiente', '2026-05-02 00:33:00', '2026-05-29 11:53:00'),
	(741, 'CC', '421749784', 'Sebastián Pérez Romero', '1986-11-23', 'Masculino', '3115083856', 'sebastian.perez741@example.test', 'EPS002', 'Cartago', 'Media', 'Atendido', '2026-03-28 06:02:00', '2026-05-08 11:08:00'),
	(742, 'CC', '408871955', 'Esteban Silva Jiménez', '1982-05-19', 'Masculino', '3227702671', 'esteban.silva742@example.test', 'EPS006', 'Yumbo', 'Baja', 'Atendido', '2026-03-30 11:56:00', '2026-06-23 16:23:00'),
	(743, 'CC', '756354385', 'Andrés Cárdenas González', '1971-04-26', 'Masculino', '3104421520', 'andres.cardenas743@example.test', 'EPS010', 'Jamundí', 'Baja', 'Atendido', '2026-06-18 22:40:00', '2026-06-22 00:12:00'),
	(744, 'CC', '239473295', 'Tomás González Martínez', '2003-04-16', 'Masculino', '3024658222', 'tomas.gonzalez744@example.test', 'EPS009', 'Buga', 'Alta', 'Atendido', '2026-04-27 12:28:00', '2026-06-24 04:38:00'),
	(745, 'CC', '567813053', 'Isabella Alejandra Jiménez Valencia', '2005-05-25', 'Femenino', '3178801491', 'isabella.jimenez745@example.test', 'EPS006', 'Tuluá', 'Media', 'Atendido', '2026-05-16 10:52:00', '2026-06-27 10:04:00'),
	(746, 'CC', '10802965', 'Diana Ortiz Ospina', '2005-09-25', 'Femenino', '3012251055', 'diana.ortiz746@example.test', 'EPS010', 'Cali', 'Alta', 'Pendiente', '2026-06-19 12:06:00', '2026-07-08 02:27:00'),
	(747, 'CC', '289766626', 'Miguel Álvarez Romero', '1986-04-15', 'Masculino', '3147156464', 'miguel.alvarez747@example.test', 'EPS001', 'Yumbo', 'Media', 'Atendido', '2026-04-07 10:43:00', '2026-05-09 19:16:00'),
	(748, 'CC', '442847127', 'Isabella Cárdenas Silva', '1987-02-27', 'Femenino', '3219267920', 'isabella.cardenas748@example.test', 'EPS010', 'Cartago', 'Alta', 'Atendido', '2026-06-25 22:26:00', '2026-07-06 21:24:00'),
	(749, 'CC', '540131908', 'José Torres Muñoz', '1974-03-17', 'Masculino', '3053967674', 'jose.torres749@example.test', 'EPS003', 'Yumbo', 'Alta', 'Pendiente', '2026-05-24 12:18:00', '2026-06-02 13:19:00'),
	(750, 'CC', '26026554', 'Sara Carolina Cárdenas Moreno', '1965-12-15', 'Femenino', '3176847580', 'sara.cardenas750@example.test', 'EPS005', 'Palmira', 'Media', 'Atendido', '2026-03-14 00:33:00', '2026-03-20 01:31:00'),
	(751, 'TI', '1121290928', 'Manuela Ruiz Díaz', '2017-02-09', 'Femenino', '3201875845', 'manuela.ruiz751@example.test', 'EPS004', 'Cartago', 'Alta', 'Pendiente', '2026-04-02 11:51:00', '2026-06-29 19:51:00'),
	(752, 'CC', '263340127', 'Juliana Cárdenas Ospina', '2006-04-27', 'Femenino', '3197204696', 'juliana.cardenas752@example.test', 'EPS001', 'Buga', 'Alta', 'Atendido', '2026-06-10 00:54:00', '2026-06-29 08:22:00'),
	(753, 'CC', '708461839', 'Gabriela Carolina Silva López', '1946-04-23', 'Femenino', '3015603704', 'gabriela.silva753@example.test', 'EPS010', 'Buga', 'Media', 'En atención', '2026-06-20 09:15:00', '2026-07-06 03:20:00'),
	(754, 'CC', '541663695', 'Isabella Hernández Rojas', '1987-04-02', 'Femenino', '3103902328', 'isabella.hernandez754@example.test', 'EPS008', 'Cartago', 'Baja', 'Pendiente', '2026-03-17 07:32:00', '2026-06-17 20:16:00'),
	(755, 'CC', '110077281', 'Julián Ospina Cárdenas', '1955-11-09', 'Masculino', '3121514649', 'julian.ospina755@example.test', 'EPS006', 'Buga', 'Media', 'Atendido', '2026-03-28 22:41:00', '2026-06-20 20:21:00'),
	(756, 'CC', '533686581', 'Jorge Vargas Torres', '1990-06-04', 'Masculino', '3183833871', 'jorge.vargas756@example.test', 'EPS004', 'Buga', 'Media', 'En atención', '2026-06-10 09:41:00', '2026-06-25 02:31:00'),
	(757, 'CC', '171855380', 'Andrés Ramírez Rodríguez', '1996-01-03', 'Masculino', '3009485845', 'andres.ramirez757@example.test', 'EPS007', 'Cartago', 'Baja', 'Atendido', '2026-06-11 03:03:00', '2026-07-02 21:55:00'),
	(758, 'CC', '520615903', 'Samuel Sánchez Jiménez', '1956-07-10', 'Masculino', '3041727015', 'samuel.sanchez758@example.test', 'EPS002', 'Cali', 'Media', 'Pendiente', '2026-05-16 04:32:00', '2026-05-18 12:17:00'),
	(759, 'CC', '93559011', 'Julián Mendoza Giraldo', '1951-10-30', 'Masculino', '3151437184', 'julian.mendoza759@example.test', 'EPS005', 'Cali', 'Media', 'Pendiente', '2026-07-07 01:49:00', '2026-07-07 14:18:00'),
	(760, 'CC', '695108372', 'Esteban Giraldo Hernández', '1981-11-19', 'Masculino', '3102249295', 'esteban.giraldo760@example.test', 'EPS002', 'Cartago', 'Baja', 'Atendido', '2026-03-20 07:54:00', '2026-03-30 21:05:00'),
	(761, 'TI', '775074064', 'Camila Muñoz Hernández', '2009-01-21', 'Femenino', '3119799008', 'camila.munoz761@example.test', 'EPS005', 'Tuluá', 'Media', 'Pendiente', '2026-05-31 19:11:00', '2026-06-19 11:26:00'),
	(762, 'TI', '441260463', 'Andrés Cárdenas Rodríguez', '2024-01-19', 'Masculino', '3199527521', 'andres.cardenas762@example.test', 'EPS002', 'Yumbo', 'Media', 'Pendiente', '2026-07-09 12:31:00', '2026-07-10 00:27:00'),
	(763, 'CC', '779146378', 'Ricardo Valencia Torres', '2000-01-14', 'Masculino', '3194062321', 'ricardo.valencia763@example.test', 'EPS008', 'Palmira', 'Media', 'Atendido', '2026-03-28 14:01:00', '2026-07-04 19:04:00'),
	(764, 'CE', '884346435', 'Valentina Vargas Ortiz', '1960-06-09', 'Femenino', '3028941561', 'valentina.vargas764@example.test', 'EPS003', 'Yumbo', 'Media', 'Pendiente', '2026-05-21 05:42:00', '2026-06-08 23:16:00'),
	(765, 'CC', '1012808247', 'Mateo Samuel Hernández Mendoza', '1979-09-20', 'Masculino', '3045192452', 'mateo.hernandez765@example.test', 'EPS008', 'Cali', 'Media', 'Atendido', '2026-03-11 16:48:00', '2026-05-14 08:43:00'),
	(766, 'CC', '1160872492', 'Daniela Camila Giraldo Ramírez', '1990-02-22', 'Femenino', '3045682397', 'daniela.giraldo766@example.test', 'EPS007', 'Jamundí', 'Media', 'Atendido', '2026-05-01 15:49:00', '2026-05-07 05:00:00'),
	(767, 'CC', '36452688', 'Julián Romero Martínez', '1988-07-09', 'Masculino', '3041385040', 'julian.romero767@example.test', 'EPS008', 'Cartago', 'Baja', 'Pendiente', '2026-03-21 02:16:00', '2026-05-06 04:06:00'),
	(768, 'CC', '14704775', 'Sebastián Nicolás Romero Cárdenas', '1967-06-26', 'Masculino', '3121174950', 'sebastian.romero768@example.test', 'EPS003', 'Tuluá', 'Media', 'Atendido', '2026-05-14 00:51:00', '2026-06-09 10:56:00'),
	(769, 'CC', '89024657', 'Tomás Pérez Silva', '1963-08-30', 'Masculino', '3219967985', 'tomas.perez769@example.test', 'EPS006', 'Yumbo', 'Alta', 'Atendido', '2026-04-17 21:59:00', '2026-06-27 07:28:00'),
	(770, 'CC', '231052203', 'Sara Cárdenas Vargas', '1984-05-04', 'Femenino', '3188259538', 'sara.cardenas770@example.test', 'EPS003', 'Palmira', 'Media', 'En atención', '2026-06-05 21:05:00', '2026-06-06 19:12:00'),
	(771, 'CC', '395911955', 'Andrea Hernández Ramírez', '1983-10-31', 'Femenino', '3019904018', 'andrea.hernandez771@example.test', 'EPS006', 'Jamundí', 'Media', 'Atendido', '2026-04-05 00:48:00', '2026-04-13 19:55:00'),
	(772, 'CC', '1186111946', 'Cristian Felipe Rodríguez Ospina', '1946-02-26', 'Masculino', '3201094877', 'cristian.rodriguez772@example.test', 'EPS003', 'Palmira', 'Media', 'Atendido', '2026-06-27 15:03:00', '2026-07-06 22:07:00'),
	(773, 'CC', '717259129', 'Esteban Muñoz Ortiz', '2007-12-17', 'Masculino', '3223365082', 'esteban.munoz773@example.test', 'EPS006', 'Buga', 'Media', 'Pendiente', '2026-05-14 11:07:00', '2026-06-23 10:51:00'),
	(774, 'CC', '1003238774', 'Paula Sara Ospina Torres', '1998-10-06', 'Femenino', '3213621511', 'paula.ospina774@example.test', 'EPS002', 'Cali', 'Media', 'En atención', '2026-03-28 10:15:00', '2026-06-12 22:22:00'),
	(775, 'TI', '219539215', 'Ricardo Rojas Álvarez', '2018-07-08', 'Masculino', '3163568355', 'ricardo.rojas775@example.test', 'EPS003', 'Jamundí', 'Baja', 'Atendido', '2026-04-11 10:04:00', '2026-04-18 10:36:00'),
	(776, 'CC', '178326187', 'Luisa Valencia Castaño', '1973-11-05', 'Femenino', '3027719609', 'luisa.valencia776@example.test', 'EPS003', 'Cartago', 'Baja', 'En atención', '2026-07-02 23:54:00', '2026-07-04 18:46:00'),
	(777, 'PA', '607802714', 'Gabriela María Torres Ramírez', '1990-05-28', 'Femenino', '3101334571', 'gabriela.torres777@example.test', 'EPS002', 'Yumbo', 'Baja', 'Pendiente', '2026-04-14 23:51:00', '2026-04-29 04:19:00'),
	(778, 'CC', '257769373', 'Esteban Cárdenas Castaño', '2005-09-01', 'Masculino', '3166960917', 'esteban.cardenas778@example.test', 'EPS004', 'Cali', 'Media', 'En atención', '2026-04-30 22:55:00', '2026-05-21 17:48:00'),
	(779, 'CC', '526875282', 'Samuel Restrepo Torres', '1964-10-12', 'Masculino', '3174899785', 'samuel.restrepo779@example.test', 'EPS005', 'Buga', 'Alta', 'Pendiente', '2026-06-14 19:05:00', '2026-07-09 23:32:00'),
	(780, 'CC', '701320370', 'Tomás Muñoz Restrepo', '1969-08-23', 'Masculino', '3109457151', 'tomas.munoz780@example.test', 'EPS006', 'Tuluá', 'Media', 'Atendido', '2026-06-29 02:51:00', '2026-07-08 04:51:00'),
	(781, 'CC', '715661182', 'Valentina Valencia Díaz', '1971-07-12', 'Femenino', '3184249901', 'valentina.valencia781@example.test', 'EPS010', 'Cartago', 'Media', 'Atendido', '2026-05-09 05:16:00', '2026-06-10 21:17:00'),
	(782, 'PA', '830560762', 'Isabella Hernández García', '1990-01-26', 'Femenino', '3042389629', 'isabella.hernandez782@example.test', 'EPS002', 'Jamundí', 'Media', 'Atendido', '2026-05-28 10:44:00', '2026-05-30 06:41:00'),
	(783, 'CC', '854600666', 'María Castaño Cárdenas', '1949-11-10', 'Femenino', '3174078668', 'maria.castano783@example.test', 'EPS009', 'Palmira', 'Media', 'Pendiente', '2026-05-07 20:54:00', '2026-06-18 14:37:00'),
	(784, 'CE', '503667369', 'Alejandro Castro Romero', '2001-05-18', 'Masculino', '3155979610', 'alejandro.castro784@example.test', 'EPS006', 'Cali', 'Media', 'Atendido', '2026-05-15 20:01:00', '2026-06-13 17:28:00'),
	(785, 'CC', '783834825', 'Valentina Paula Ospina López', '1988-02-17', 'Femenino', '3047155648', 'valentina.ospina785@example.test', 'EPS003', 'Cali', 'Media', 'Atendido', '2026-03-29 17:38:00', '2026-04-03 14:46:00'),
	(786, 'CC', '341182743', 'Sofía Valentina Giraldo Álvarez', '1964-03-23', 'Femenino', '3007489095', 'sofia.giraldo786@example.test', 'EPS005', 'Yumbo', 'Media', 'Atendido', '2026-05-13 21:46:00', '2026-06-09 00:18:00'),
	(787, 'TI', '210571250', 'Juliana Paula López Moreno', '2010-03-09', 'Femenino', '3045738792', 'juliana.lopez787@example.test', 'EPS001', 'Palmira', 'Baja', 'Pendiente', '2026-04-03 01:04:00', '2026-06-20 00:55:00'),
	(788, 'CC', '111056184', 'Camila Diana Díaz Pérez', '1950-10-07', 'Femenino', '3105359492', 'camila.diaz788@example.test', 'EPS001', 'Palmira', 'Media', 'Atendido', '2026-05-07 13:54:00', '2026-05-08 05:36:00'),
	(789, 'CC', '387679929', 'Juliana Restrepo García', '1986-09-27', 'Femenino', '3143668788', 'juliana.restrepo789@example.test', 'EPS010', 'Buga', 'Media', 'Atendido', '2026-04-12 07:13:00', '2026-04-29 12:04:00'),
	(790, 'CC', '101572762', 'Samuel Cárdenas Mendoza', '1943-06-19', 'Masculino', '3222235480', 'samuel.cardenas790@example.test', 'EPS009', 'Jamundí', 'Media', 'Pendiente', '2026-04-23 07:49:00', '2026-06-21 16:49:00'),
	(791, 'CC', '577963296', 'Andrés Ospina Díaz', '1982-11-24', 'Masculino', '3132934901', 'andres.ospina791@example.test', 'EPS008', 'Buga', 'Alta', 'Pendiente', '2026-06-06 07:25:00', '2026-06-14 19:02:00'),
	(792, 'CC', '382856924', 'José Mendoza Castaño', '1950-12-07', 'Masculino', '3132533156', 'jose.mendoza792@example.test', 'EPS002', 'Palmira', 'Media', 'Atendido', '2026-05-31 22:20:00', '2026-07-08 19:09:00'),
	(793, 'CC', '1108957576', 'Daniel Sánchez García', '1948-01-30', 'Masculino', '3122024996', 'daniel.sanchez793@example.test', 'EPS007', 'Cartago', 'Media', 'En atención', '2026-06-10 18:17:00', '2026-07-04 00:22:00'),
	(794, 'TI', '823940436', 'Alejandra Castaño Castro', '2013-06-29', 'Femenino', '3056412124', 'alejandra.castano794@example.test', 'EPS003', 'Cartago', 'Media', 'Pendiente', '2026-05-26 05:13:00', '2026-06-13 03:08:00'),
	(795, 'CC', '321177632', 'Cristian Ortiz Castro', '1980-06-23', 'Masculino', '3213754250', 'cristian.ortiz795@example.test', 'EPS004', 'Buga', 'Media', 'Pendiente', '2026-03-29 03:00:00', '2026-05-05 04:10:00'),
	(796, 'CC', '67163650', 'Isabella Sánchez González', '1993-04-09', 'Femenino', '3195203566', 'isabella.sanchez796@example.test', 'EPS010', 'Buga', 'Media', 'En atención', '2026-03-24 19:30:00', '2026-05-28 12:29:00'),
	(797, 'CC', '259606086', 'Esteban Ruiz Rodríguez', '1999-12-27', 'Masculino', '3116662957', 'esteban.ruiz797@example.test', 'EPS003', 'Cartago', 'Alta', 'En atención', '2026-05-17 00:51:00', '2026-05-19 09:25:00'),
	(798, 'CC', '711727743', 'Valentina Álvarez Martínez', '1991-01-28', 'Femenino', '3053158686', 'valentina.alvarez798@example.test', 'EPS008', 'Jamundí', 'Media', 'En atención', '2026-06-01 07:52:00', '2026-06-10 21:17:00'),
	(799, 'CC', '514763073', 'Ana Giraldo Pérez', '1991-02-25', 'Femenino', '3167433911', 'ana.giraldo799@example.test', 'EPS007', 'Cali', 'Media', 'Pendiente', '2026-04-08 02:33:00', '2026-05-14 20:26:00'),
	(800, 'CC', '546923909', 'David García Pérez', '2000-03-29', 'Masculino', '3201889285', 'david.garcia800@example.test', 'EPS007', 'Jamundí', 'Media', 'Atendido', '2026-07-06 19:48:00', '2026-07-08 19:36:00'),
	(801, 'CC', '515140173', 'Valentina Rodríguez Mendoza', '1993-09-03', 'Femenino', '3221243118', 'valentina.rodriguez801@example.test', 'EPS004', 'Palmira', 'Baja', 'Atendido', '2026-06-18 10:27:00', '2026-06-19 20:43:00'),
	(802, 'TI', '792511551', 'Isabella Natalia Castro Valencia', '2013-08-12', 'Femenino', '3051577757', 'isabella.castro802@example.test', 'EPS005', 'Palmira', 'Media', 'Pendiente', '2026-06-12 23:12:00', '2026-07-05 18:39:00'),
	(803, 'CC', '410601007', 'Juan López Ospina', '1975-04-28', 'Masculino', '3018212381', 'juan.lopez803@example.test', 'EPS001', 'Cali', 'Baja', 'Atendido', '2026-05-09 09:30:00', '2026-06-22 19:45:00'),
	(804, 'TI', '1088111822', 'Miguel Nicolás Torres Cárdenas', '2017-03-08', 'Masculino', '3167332089', 'miguel.torres804@example.test', 'EPS005', 'Jamundí', 'Baja', 'Atendido', '2026-07-04 13:30:00', '2026-07-08 02:34:00'),
	(805, 'TI', '518129830', 'David Mendoza Castaño', '2009-10-09', 'Masculino', '3209412440', 'david.mendoza805@example.test', 'EPS004', 'Cali', 'Media', 'Pendiente', '2026-05-29 07:37:00', '2026-06-28 00:57:00'),
	(806, 'CC', '114732369', 'Jorge Rodríguez Romero', '1996-11-04', 'Masculino', '3043335554', 'jorge.rodriguez806@example.test', 'EPS007', 'Buga', 'Alta', 'Pendiente', '2026-04-14 15:19:00', '2026-04-21 08:29:00'),
	(807, 'CC', '927445633', 'Sebastián Ospina Restrepo', '1995-09-22', 'Masculino', '3196424074', 'sebastian.ospina807@example.test', 'EPS007', 'Yumbo', 'Baja', 'Atendido', '2026-05-26 21:33:00', '2026-07-05 19:36:00'),
	(808, 'CC', '76166450', 'Valentina Martínez Cárdenas', '1983-12-16', 'Femenino', '3147940828', 'valentina.martinez808@example.test', 'EPS003', 'Palmira', 'Media', 'En atención', '2026-04-09 10:33:00', '2026-05-28 06:02:00'),
	(809, 'CE', '752120115', 'Sara Moreno Ortiz', '1977-04-07', 'Femenino', '3147513399', 'sara.moreno809@example.test', 'EPS007', 'Palmira', 'Baja', 'Atendido', '2026-04-22 12:51:00', '2026-05-16 04:16:00'),
	(810, 'CC', '1116707383', 'Ana Mendoza Ortiz', '1962-06-05', 'Femenino', '3172290544', 'ana.mendoza810@example.test', 'EPS008', 'Palmira', 'Media', 'Atendido', '2026-03-29 02:27:00', '2026-04-06 23:03:00'),
	(811, 'CC', '171038714', 'Isabella Hernández Mendoza', '2008-03-31', 'Femenino', '3213819596', 'isabella.hernandez811@example.test', 'EPS005', 'Cali', 'Media', 'Atendido', '2026-07-09 07:28:00', '2026-07-10 01:28:00'),
	(812, 'CC', '296776409', 'José González Restrepo', '1996-04-01', 'Masculino', '3167400722', 'jose.gonzalez812@example.test', 'EPS002', 'Tuluá', 'Alta', 'Pendiente', '2026-06-02 22:55:00', '2026-07-04 07:16:00'),
	(813, 'CC', '850699610', 'Mateo Esteban Quintero López', '1986-07-06', 'Masculino', '3054267731', 'mateo.quintero813@example.test', 'EPS007', 'Cali', 'Baja', 'Pendiente', '2026-04-06 03:32:00', '2026-07-09 12:56:00'),
	(814, 'PA', '37447951', 'Tomás Castro Torres', '2000-09-25', 'Masculino', '3198396551', 'tomas.castro814@example.test', 'EPS003', 'Cali', 'Alta', 'Pendiente', '2026-05-18 22:54:00', '2026-06-11 22:25:00'),
	(815, 'CC', '988457842', 'Tomás Samuel Torres Mendoza', '1993-05-07', 'Prefiere no informar', '3009410175', 'tomas.torres815@example.test', 'EPS010', 'Palmira', 'Alta', 'Pendiente', '2026-06-20 19:09:00', '2026-07-08 06:00:00'),
	(816, 'CC', '936303038', 'Juliana García Martínez', '1968-07-24', 'Femenino', '3178131972', 'juliana.garcia816@example.test', 'EPS008', 'Tuluá', 'Alta', 'Pendiente', '2026-05-16 06:25:00', '2026-05-23 19:16:00'),
	(817, 'CC', '948748129', 'Julián Carlos Álvarez Valencia', '1963-08-10', 'Masculino', '3188266271', 'julian.alvarez817@example.test', 'EPS008', 'Jamundí', 'Media', 'Pendiente', '2026-04-12 11:54:00', '2026-05-08 08:21:00'),
	(818, 'CE', '647980876', 'Daniel Quintero Castro', '2003-04-27', 'Masculino', '3058294325', 'daniel.quintero818@example.test', 'EPS008', 'Buga', 'Media', 'En atención', '2026-06-22 17:24:00', '2026-07-07 13:33:00'),
	(819, 'CC', '97832517', 'Carolina González Sánchez', '1977-04-30', 'Femenino', '3167046616', 'carolina.gonzalez819@example.test', 'EPS007', 'Buga', 'Alta', 'Atendido', '2026-05-13 03:28:00', '2026-06-21 17:12:00'),
	(820, 'TI', '292349672', 'Mateo Sánchez Restrepo', '2016-12-02', 'Masculino', '3154848179', 'mateo.sanchez820@example.test', 'EPS003', 'Tuluá', 'Media', 'Atendido', '2026-04-10 03:17:00', '2026-05-26 06:43:00'),
	(821, 'CC', '79461875', 'Nicolás Sánchez Ruiz', '1949-08-13', 'Masculino', '3122130815', 'nicolas.sanchez821@example.test', 'EPS001', 'Buga', 'Baja', 'Atendido', '2026-05-12 03:18:00', '2026-06-26 00:12:00'),
	(822, 'CC', '278917309', 'Daniel Díaz García', '1980-05-28', 'Masculino', '3208765134', 'daniel.diaz822@example.test', 'EPS006', 'Tuluá', 'Media', 'Pendiente', '2026-07-06 05:21:00', '2026-07-09 01:04:00'),
	(823, 'CC', '776171277', 'Nicolás Carlos Quintero González', '1994-09-25', 'Masculino', '3177772425', 'nicolas.quintero823@example.test', 'EPS005', 'Tuluá', 'Baja', 'Atendido', '2026-05-29 04:10:00', '2026-06-23 02:04:00'),
	(824, 'CE', '413991154', 'Luisa Cárdenas Moreno', '1981-12-08', 'Femenino', '3105910378', 'luisa.cardenas824@example.test', 'EPS010', 'Jamundí', 'Media', 'En atención', '2026-07-03 21:27:00', '2026-07-05 15:15:00'),
	(825, 'CC', '300081076', 'Juan Quintero González', '1975-09-06', 'Masculino', '3203364990', 'juan.quintero825@example.test', 'EPS010', 'Tuluá', 'Media', 'Atendido', '2026-03-26 18:57:00', '2026-04-25 13:21:00'),
	(826, 'CC', '582451748', 'Esteban Ruiz Díaz', '1979-04-20', 'Prefiere no informar', '3197039670', 'esteban.ruiz826@example.test', 'EPS003', 'Yumbo', 'Baja', 'Atendido', '2026-04-21 11:03:00', '2026-06-14 20:44:00'),
	(827, 'CC', '1014661709', 'Sara Camila Moreno López', '1980-09-18', 'Femenino', '3004214595', 'sara.moreno827@example.test', 'EPS010', 'Yumbo', 'Baja', 'Pendiente', '2026-07-09 09:49:00', '2026-07-10 09:04:00'),
	(828, 'CC', '101218341', 'Tomás Julián Restrepo Hernández', '1966-02-22', 'Masculino', '3002592071', 'tomas.restrepo828@example.test', 'EPS004', 'Palmira', 'Media', 'Atendido', '2026-04-14 13:38:00', '2026-04-18 05:09:00'),
	(829, 'CC', '31914588', 'Nicolás Rodríguez Valencia', '1988-05-01', 'Masculino', '3227922199', 'nicolas.rodriguez829@example.test', 'EPS003', 'Tuluá', 'Baja', 'Atendido', '2026-06-10 23:19:00', '2026-07-07 12:32:00'),
	(830, 'TI', '657496607', 'Daniela Catalina Rojas Díaz', '2015-03-24', 'Femenino', '3042773286', 'daniela.rojas830@example.test', 'EPS007', 'Palmira', 'Alta', 'Pendiente', '2026-05-26 00:48:00', '2026-07-03 00:23:00'),
	(831, 'CC', '772733757', 'Camila Muñoz González', '1998-03-30', 'Femenino', '3151178097', 'camila.munoz831@example.test', 'EPS004', 'Tuluá', 'Alta', 'Atendido', '2026-05-31 08:01:00', '2026-06-28 16:25:00'),
	(832, 'CC', '362247312', 'Luisa Quintero Silva', '1962-01-08', 'Femenino', '3177725774', 'luisa.quintero832@example.test', 'EPS003', 'Buga', 'Alta', 'Atendido', '2026-05-07 14:12:00', '2026-06-23 17:44:00'),
	(833, 'TI', '815712400', 'Daniel Alejandro Sánchez Vargas', '2010-05-21', 'Masculino', '3182679050', 'daniel.sanchez833@example.test', 'EPS010', 'Cartago', 'Alta', 'Pendiente', '2026-03-17 09:35:00', '2026-06-19 13:37:00'),
	(834, 'TI', '383645397', 'Nicolás Hernández Cárdenas', '2021-05-07', 'Masculino', '3122759794', 'nicolas.hernandez834@example.test', 'EPS009', 'Buga', 'Media', 'Atendido', '2026-03-13 14:39:00', '2026-06-06 13:14:00'),
	(835, 'CC', '323229540', 'Paula Ruiz Pérez', '1989-07-04', 'Femenino', '3107914351', 'paula.ruiz835@example.test', 'EPS010', 'Palmira', 'Media', 'Pendiente', '2026-05-12 10:01:00', '2026-06-11 09:10:00'),
	(836, 'PA', '708448552', 'Julián Rodríguez Mendoza', '1976-02-12', 'Masculino', '3114554482', 'julian.rodriguez836@example.test', 'EPS003', 'Palmira', 'Media', 'En atención', '2026-06-17 22:12:00', '2026-06-28 13:19:00'),
	(837, 'CC', '347130479', 'Ricardo Castro Martínez', '1951-08-17', 'Masculino', '3128832334', 'ricardo.castro837@example.test', 'EPS003', 'Palmira', 'Baja', 'Atendido', '2026-03-11 11:46:00', '2026-04-06 14:46:00'),
	(838, 'CC', '101403404', 'Felipe Samuel Sánchez Díaz', '1982-03-18', 'Masculino', '3044317181', 'felipe.sanchez838@example.test', 'EPS009', 'Jamundí', 'Baja', 'En atención', '2026-04-26 06:41:00', '2026-06-25 12:11:00'),
	(839, 'CC', '1073045467', 'Valentina Diana González García', '1996-02-25', 'Femenino', '3047703038', 'valentina.gonzalez839@example.test', 'EPS009', 'Tuluá', 'Media', 'En atención', '2026-04-15 06:22:00', '2026-06-19 20:28:00'),
	(840, 'CC', '378394657', 'Cristian Andrés Hernández Ramírez', '2008-06-05', 'Masculino', '3113012590', 'cristian.hernandez840@example.test', 'EPS006', 'Cali', 'Media', 'Pendiente', '2026-04-20 13:28:00', '2026-04-25 03:24:00'),
	(841, 'CC', '612353605', 'David Felipe Ospina González', '1986-10-21', 'Masculino', '3017453285', 'david.ospina841@example.test', 'EPS010', 'Jamundí', 'Alta', 'Atendido', '2026-04-15 03:32:00', '2026-07-04 11:20:00'),
	(842, 'CC', '1025652573', 'Ana Valencia Romero', '1996-01-06', 'Femenino', '3207418553', 'ana.valencia842@example.test', 'EPS004', 'Palmira', 'Media', 'Atendido', '2026-04-11 12:31:00', '2026-05-23 13:01:00'),
	(843, 'CC', '978577069', 'Andrés Silva Ruiz', '1962-06-14', 'Masculino', '3214255121', 'andres.silva843@example.test', 'EPS004', 'Tuluá', 'Baja', 'Pendiente', '2026-06-27 20:17:00', '2026-07-06 17:23:00'),
	(844, 'CC', '1028023837', 'Cristian Samuel Torres Restrepo', '1983-07-31', 'Masculino', '3214596097', 'cristian.torres844@example.test', 'EPS007', 'Cali', 'Alta', 'En atención', '2026-04-24 15:01:00', '2026-06-22 17:45:00'),
	(845, 'CC', '59146143', 'Daniela Silva Rojas', '1991-02-07', 'Femenino', '3108850094', 'daniela.silva845@example.test', 'EPS001', 'Jamundí', 'Media', 'En atención', '2026-04-01 20:09:00', '2026-06-30 23:33:00'),
	(846, 'CC', '204128331', 'Juan David González García', '1967-02-19', 'Masculino', '3199662867', 'juan.gonzalez846@example.test', 'EPS009', 'Palmira', 'Media', 'Pendiente', '2026-06-04 05:34:00', '2026-06-18 08:41:00'),
	(847, 'CC', '391131571', 'Valentina Mendoza Ruiz', '1988-09-04', 'Femenino', '3055070298', 'valentina.mendoza847@example.test', 'EPS009', 'Palmira', 'Baja', 'Atendido', '2026-07-03 14:38:00', '2026-07-04 11:55:00'),
	(848, 'CC', '485588478', 'Miguel Jiménez Muñoz', '2004-10-10', 'Masculino', '3222885983', 'miguel.jimenez848@example.test', 'EPS004', 'Yumbo', 'Alta', 'Pendiente', '2026-03-17 00:51:00', '2026-03-30 01:43:00'),
	(849, 'CC', '16521648', 'Camila López Ruiz', '1963-07-07', 'Femenino', '3142966623', 'camila.lopez849@example.test', 'EPS009', 'Cartago', 'Baja', 'Atendido', '2026-04-03 14:58:00', '2026-05-25 04:33:00'),
	(850, 'CC', '257094760', 'Nicolás Tomás Moreno Pérez', '1964-05-03', 'Masculino', '3229119382', 'nicolas.moreno850@example.test', 'EPS006', 'Palmira', 'Alta', 'Pendiente', '2026-06-15 22:12:00', '2026-06-16 18:32:00'),
	(851, 'CC', '539186809', 'Andrés Giraldo Jiménez', '1971-08-11', 'Masculino', '3167060180', 'andres.giraldo851@example.test', 'EPS010', 'Jamundí', 'Alta', 'Atendido', '2026-04-30 09:47:00', '2026-05-15 15:34:00'),
	(852, 'CC', '1116226680', 'Carolina Giraldo López', '1967-05-07', 'Femenino', '3167900477', 'carolina.giraldo852@example.test', 'EPS006', 'Buga', 'Alta', 'Pendiente', '2026-03-17 00:26:00', '2026-04-22 16:11:00'),
	(853, 'CC', '894974946', 'Santiago Esteban Ortiz Moreno', '1973-07-11', 'Masculino', '3108774788', 'santiago.ortiz853@example.test', 'EPS004', 'Jamundí', 'Baja', 'Pendiente', '2026-05-10 13:57:00', '2026-06-23 16:59:00'),
	(854, 'CE', '417279115', 'Jorge Esteban Torres Ramírez', '1991-05-18', 'Masculino', '3002048795', 'jorge.torres854@example.test', 'EPS007', 'Palmira', 'Alta', 'Pendiente', '2026-05-20 11:04:00', '2026-06-30 02:18:00'),
	(855, 'CC', '1168926157', 'Julián Moreno Martínez', '1994-04-30', 'Masculino', '3228679868', 'julian.moreno855@example.test', 'EPS002', 'Yumbo', 'Media', 'Pendiente', '2026-04-21 06:47:00', '2026-04-22 19:01:00'),
	(856, 'CC', '538430379', 'Nicolás Pérez Giraldo', '1995-12-04', 'Masculino', '3124238072', 'nicolas.perez856@example.test', 'EPS004', 'Yumbo', 'Baja', 'En atención', '2026-04-25 03:42:00', '2026-05-26 04:12:00'),
	(857, 'CC', '256317953', 'Miguel Pérez Romero', '1987-01-23', 'Masculino', '3181467669', 'miguel.perez857@example.test', 'EPS002', 'Tuluá', 'Media', 'En atención', '2026-06-23 19:53:00', '2026-07-09 04:52:00'),
	(858, 'CC', '275387630', 'Sebastián Jorge Torres López', '1976-09-20', 'Masculino', '3209170640', 'sebastian.torres858@example.test', 'EPS006', 'Buga', 'Baja', 'Pendiente', '2026-04-30 01:51:00', '2026-05-02 06:08:00'),
	(859, 'CC', '657956292', 'Manuela Catalina Giraldo Quintero', '1953-12-22', 'Femenino', '3045869330', 'manuela.giraldo859@example.test', 'EPS007', 'Cali', 'Baja', 'Atendido', '2026-05-14 00:19:00', '2026-05-27 02:31:00'),
	(860, 'CC', '843765931', 'Juliana Díaz Ortiz', '1967-02-15', 'Femenino', '3128097777', 'juliana.diaz860@example.test', 'EPS005', 'Palmira', 'Media', 'Pendiente', '2026-05-07 11:45:00', '2026-05-23 01:31:00'),
	(861, 'CC', '707379101', 'Manuela Cárdenas Martínez', '1971-12-13', 'Femenino', '3156477726', 'manuela.cardenas861@example.test', 'EPS009', 'Jamundí', 'Baja', 'Pendiente', '2026-06-20 14:00:00', '2026-06-26 02:30:00'),
	(862, 'CC', '1036540227', 'Luisa Moreno López', '1964-01-09', 'Femenino', '3228687689', 'luisa.moreno862@example.test', 'EPS004', 'Cali', 'Alta', 'Pendiente', '2026-05-19 12:50:00', '2026-06-29 23:25:00'),
	(863, 'CC', '590911025', 'Manuela Quintero Rojas', '1981-08-24', 'Femenino', '3121364706', 'manuela.quintero863@example.test', 'EPS006', 'Cartago', 'Baja', 'Atendido', '2026-07-05 14:01:00', '2026-07-10 08:56:00'),
	(864, 'TI', '126040481', 'Tomás José Castaño Jiménez', '2010-12-25', 'Masculino', '3108511506', 'tomas.castano864@example.test', 'EPS009', 'Cartago', 'Baja', 'Pendiente', '2026-05-03 09:04:00', '2026-06-30 05:17:00'),
	(865, 'TI', '375445249', 'Catalina Daniela Ruiz Martínez', '2016-09-28', 'Femenino', '3138237610', 'catalina.ruiz865@example.test', 'EPS003', 'Tuluá', 'Media', 'Atendido', '2026-05-05 21:18:00', '2026-06-28 22:17:00'),
	(866, 'CC', '854620588', 'Sofía Muñoz Vargas', '1985-09-18', 'Femenino', '3111672835', 'sofia.munoz866@example.test', 'EPS003', 'Buga', 'Media', 'Pendiente', '2026-06-14 06:45:00', '2026-07-03 18:06:00'),
	(867, 'CC', '72879367', 'Gabriela Ortiz Ramírez', '1965-08-30', 'Femenino', '3021653462', 'gabriela.ortiz867@example.test', 'EPS007', 'Yumbo', 'Baja', 'Pendiente', '2026-06-05 14:08:00', '2026-06-30 17:01:00'),
	(868, 'CC', '999054518', 'Sebastián López Rodríguez', '1990-11-27', 'Masculino', '3112362039', 'sebastian.lopez868@example.test', 'EPS009', 'Cartago', 'Media', 'Atendido', '2026-05-01 06:08:00', '2026-05-08 00:56:00'),
	(869, 'CC', '469413813', 'Alejandro Jiménez Hernández', '1971-02-19', 'Masculino', '3056324142', 'alejandro.jimenez869@example.test', 'EPS004', 'Palmira', 'Alta', 'Pendiente', '2026-05-05 04:56:00', '2026-06-06 05:14:00'),
	(870, 'CC', '944892396', 'Carolina Ruiz Díaz', '1949-06-19', 'Femenino', '3107334948', 'carolina.ruiz870@example.test', 'EPS001', 'Jamundí', 'Media', 'Pendiente', '2026-05-27 05:39:00', '2026-06-01 10:05:00'),
	(871, 'CC', '279963194', 'Andrés Díaz González', '1999-05-14', 'Masculino', '3121254945', 'andres.diaz871@example.test', 'EPS010', 'Cali', 'Alta', 'Atendido', '2026-03-23 14:42:00', '2026-04-22 15:31:00'),
	(872, 'CC', '715457342', 'Jorge Nicolás Rodríguez Díaz', '1965-02-09', 'Masculino', '3196756931', 'jorge.rodriguez872@example.test', 'EPS006', 'Jamundí', 'Media', 'Atendido', '2026-06-09 17:46:00', '2026-06-12 20:02:00'),
	(873, 'CC', '1085133498', 'Manuela Giraldo Castaño', '2001-03-30', 'Femenino', '3027196140', 'manuela.giraldo873@example.test', 'EPS001', 'Tuluá', 'Baja', 'Atendido', '2026-04-04 06:03:00', '2026-05-31 16:15:00'),
	(874, 'CE', '282743336', 'Alejandro García Ruiz', '1957-02-03', 'Masculino', '3201161831', 'alejandro.garcia874@example.test', 'EPS001', 'Palmira', 'Media', 'Atendido', '2026-04-18 12:21:00', '2026-05-27 04:35:00'),
	(875, 'CC', '370162879', 'Juliana Jiménez Silva', '1956-12-06', 'Femenino', '3111081077', 'juliana.jimenez875@example.test', 'EPS002', 'Yumbo', 'Baja', 'En atención', '2026-06-17 10:52:00', '2026-07-05 04:35:00'),
	(876, 'CC', '138051448', 'Diana García Muñoz', '1975-04-16', 'Femenino', '3049167904', 'diana.garcia876@example.test', 'EPS007', 'Tuluá', 'Baja', 'Pendiente', '2026-03-29 21:47:00', '2026-05-04 03:02:00'),
	(877, 'CC', '803544077', 'Alejandro Pérez Cárdenas', '1968-12-14', 'Masculino', '3219724137', 'alejandro.perez877@example.test', 'EPS009', 'Jamundí', 'Media', 'En atención', '2026-06-23 19:02:00', '2026-07-10 01:05:00'),
	(878, 'TI', '591181816', 'Sebastián Sánchez Ortiz', '2019-08-01', 'Masculino', '3203000056', 'sebastian.sanchez878@example.test', 'EPS007', 'Tuluá', 'Media', 'Atendido', '2026-05-19 14:45:00', '2026-05-26 04:44:00'),
	(879, 'CC', '732411479', 'Ricardo Vargas Romero', '1991-08-24', 'Masculino', '3163423126', 'ricardo.vargas879@example.test', 'EPS010', 'Buga', 'Media', 'Pendiente', '2026-06-03 19:11:00', '2026-06-11 12:20:00'),
	(880, 'CC', '411200960', 'Ana Rodríguez Ortiz', '1957-07-17', 'Femenino', '3128117510', 'ana.rodriguez880@example.test', 'EPS003', 'Cartago', 'Alta', 'Pendiente', '2026-06-29 08:51:00', '2026-07-08 19:45:00'),
	(881, 'CC', '161364486', 'Andrea Moreno Romero', '1948-01-22', 'Femenino', '3222057337', 'andrea.moreno881@example.test', 'EPS004', 'Cali', 'Alta', 'En atención', '2026-05-08 18:09:00', '2026-07-08 01:06:00'),
	(882, 'PA', '698225656', 'Alejandra Juliana Martínez Jiménez', '1945-03-10', 'Femenino', '3022235378', 'alejandra.martinez882@example.test', 'EPS001', 'Palmira', 'Baja', 'Pendiente', '2026-04-06 19:19:00', '2026-04-19 21:10:00'),
	(883, 'CC', '260201895', 'Diana Ruiz Díaz', '1985-01-02', 'Femenino', '3185191204', 'diana.ruiz883@example.test', 'EPS004', 'Jamundí', 'Baja', 'Atendido', '2026-04-15 13:03:00', '2026-04-30 05:43:00'),
	(884, 'TI', '211309123', 'Carlos Julián Jiménez Muñoz', '2014-06-02', 'Masculino', '3224122221', 'carlos.jimenez884@example.test', 'EPS005', 'Jamundí', 'Media', 'Pendiente', '2026-05-13 07:32:00', '2026-07-08 12:31:00'),
	(885, 'CC', '939792090', 'Andrés Cárdenas Rodríguez', '1984-04-15', 'Prefiere no informar', '3131576334', 'andres.cardenas885@example.test', 'EPS003', 'Buga', 'Baja', 'Atendido', '2026-04-11 10:37:00', '2026-07-09 15:42:00'),
	(886, 'CC', '314514460', 'Carolina Diana Mendoza Jiménez', '1996-04-21', 'Femenino', '3214283995', 'carolina.mendoza886@example.test', 'EPS006', 'Palmira', 'Alta', 'Atendido', '2026-06-12 14:45:00', '2026-06-14 05:10:00'),
	(887, 'CC', '310686042', 'Juliana González Vargas', '1977-05-14', 'Femenino', '3133228400', 'juliana.gonzalez887@example.test', 'EPS006', 'Buga', 'Baja', 'Atendido', '2026-07-01 15:50:00', '2026-07-07 19:19:00'),
	(888, 'TI', '1064445277', 'Cristian Hernández Martínez', '2018-12-19', 'Masculino', '3153375867', 'cristian.hernandez888@example.test', 'EPS006', 'Palmira', 'Media', 'Atendido', '2026-06-09 20:04:00', '2026-07-04 18:21:00'),
	(889, 'CC', '59217843', 'David Ortiz Álvarez', '1994-02-25', 'Masculino', '3154970323', 'david.ortiz889@example.test', 'EPS002', 'Jamundí', 'Media', 'Atendido', '2026-04-23 03:20:00', '2026-06-19 13:09:00'),
	(890, 'TI', '367528175', 'Samuel Felipe Díaz Ospina', '2011-09-03', 'Masculino', '3129709566', 'samuel.diaz890@example.test', 'EPS005', 'Tuluá', 'Media', 'Atendido', '2026-06-10 18:15:00', '2026-07-06 11:08:00'),
	(891, 'CC', '732802251', 'David Ruiz Silva', '1979-09-02', 'Masculino', '3126258421', 'david.ruiz891@example.test', 'EPS004', 'Buga', 'Media', 'Atendido', '2026-05-27 17:48:00', '2026-06-02 12:06:00'),
	(892, 'CC', '177118799', 'Andrés Quintero Silva', '1975-09-15', 'Masculino', '3183864321', 'andres.quintero892@example.test', 'EPS005', 'Buga', 'Media', 'Atendido', '2026-04-13 16:02:00', '2026-04-21 19:12:00'),
	(893, 'CC', '198733915', 'David Sánchez Rojas', '1990-09-22', 'Masculino', '3214581938', 'david.sanchez893@example.test', 'EPS010', 'Cartago', 'Media', 'Pendiente', '2026-06-03 04:14:00', '2026-06-21 23:44:00'),
	(894, 'CC', '768676928', 'Felipe Álvarez Rodríguez', '1991-06-02', 'Masculino', '3204442065', 'felipe.alvarez894@example.test', 'EPS010', 'Buga', 'Baja', 'En atención', '2026-05-29 09:54:00', '2026-06-08 02:49:00'),
	(895, 'CC', '481547534', 'María Natalia Castaño Pérez', '1951-12-04', 'Femenino', '3102680810', 'maria.castano895@example.test', 'EPS002', 'Buga', 'Media', 'Atendido', '2026-06-11 08:13:00', '2026-06-22 23:06:00'),
	(896, 'CC', '1009596058', 'Tomás Hernández Castaño', '1986-01-02', 'Masculino', '3164619714', 'tomas.hernandez896@example.test', 'EPS004', 'Yumbo', 'Alta', 'Pendiente', '2026-04-13 06:10:00', '2026-04-30 08:20:00'),
	(897, 'CE', '407498875', 'Andrés López Rodríguez', '1969-03-18', 'Masculino', '3019696957', 'andres.lopez897@example.test', 'EPS005', 'Palmira', 'Baja', 'Atendido', '2026-06-24 14:15:00', '2026-07-08 03:18:00'),
	(898, 'CC', '972080255', 'María Torres Ospina', '1968-11-18', 'Femenino', '3117791334', 'maria.torres898@example.test', 'EPS001', 'Palmira', 'Baja', 'En atención', '2026-05-06 06:27:00', '2026-05-26 02:18:00'),
	(899, 'CC', '1108092686', 'Andrea Torres Quintero', '1982-06-15', 'Femenino', '3026905397', 'andrea.torres899@example.test', 'EPS006', 'Palmira', 'Media', 'En atención', '2026-03-11 23:54:00', '2026-06-30 11:37:00'),
	(900, 'CC', '1148334738', 'Sara Díaz Rodríguez', '1967-02-28', 'Femenino', '3125505229', 'sara.diaz900@example.test', 'EPS006', 'Cali', 'Baja', 'En atención', '2026-06-07 07:15:00', '2026-07-06 21:50:00'),
	(901, 'CC', '92742079', 'Julián Nicolás Ospina Moreno', '1998-10-05', 'Masculino', '3025991336', 'julian.ospina901@example.test', 'EPS010', 'Cali', 'Media', 'Pendiente', '2026-05-15 22:46:00', '2026-05-21 16:32:00'),
	(902, 'TI', '1168005931', 'Cristian Hernández Díaz', '2009-09-21', 'Masculino', '3116108724', 'cristian.hernandez902@example.test', 'EPS001', 'Palmira', 'Baja', 'Pendiente', '2026-06-23 11:55:00', '2026-07-07 10:40:00'),
	(903, 'CC', '590436538', 'Isabella Daniela Rodríguez García', '1984-12-06', 'Femenino', '3228219199', 'isabella.rodriguez903@example.test', 'EPS002', 'Cartago', 'Baja', 'Atendido', '2026-04-18 08:21:00', '2026-06-02 16:23:00'),
	(904, 'CE', '196197424', 'Gabriela Álvarez Jiménez', '1990-02-21', 'Femenino', '3194191475', 'gabriela.alvarez904@example.test', 'EPS003', 'Cali', 'Media', 'Pendiente', '2026-04-04 22:36:00', '2026-04-10 14:11:00'),
	(905, 'TI', '447952297', 'Manuela López Castaño', '2011-01-02', 'Femenino', '3172040126', 'manuela.lopez905@example.test', 'EPS001', 'Tuluá', 'Baja', 'Pendiente', '2026-05-08 23:18:00', '2026-05-18 08:33:00'),
	(906, 'CC', '704866184', 'Daniela María Muñoz Torres', '1960-10-13', 'Femenino', '3129150925', 'daniela.munoz906@example.test', 'EPS010', 'Yumbo', 'Media', 'Atendido', '2026-04-14 19:57:00', '2026-04-23 03:50:00'),
	(907, 'CC', '522688901', 'Sofía Moreno Sánchez', '1972-07-29', 'Femenino', '3149995964', 'sofia.moreno907@example.test', 'EPS005', 'Jamundí', 'Baja', 'Pendiente', '2026-04-12 00:10:00', '2026-07-07 21:38:00'),
	(908, 'CC', '385618648', 'Juan Hernández Ramírez', '1969-03-22', 'Masculino', '3116680108', 'juan.hernandez908@example.test', 'EPS010', 'Jamundí', 'Media', 'Atendido', '2026-04-27 22:02:00', '2026-05-18 12:34:00'),
	(909, 'CC', '982206473', 'Carolina Valencia Sánchez', '1981-01-02', 'Femenino', '3123377026', 'carolina.valencia909@example.test', 'EPS008', 'Buga', 'Baja', 'Atendido', '2026-07-06 12:05:00', '2026-07-08 11:54:00'),
	(910, 'CC', '45452483', 'Valentina Pérez Ramírez', '2002-08-12', 'Femenino', '3006358656', 'valentina.perez910@example.test', 'EPS008', 'Cartago', 'Alta', 'En atención', '2026-06-01 13:00:00', '2026-07-04 23:53:00'),
	(911, 'CC', '466873147', 'Samuel Mateo Ruiz Castaño', '1984-10-09', 'Masculino', '3119106558', 'samuel.ruiz911@example.test', 'EPS007', 'Buga', 'Alta', 'Atendido', '2026-06-07 21:37:00', '2026-06-14 10:35:00'),
	(912, 'CC', '783781065', 'Diana Quintero Romero', '1987-08-20', 'Femenino', '3121039554', 'diana.quintero912@example.test', 'EPS002', 'Yumbo', 'Baja', 'Atendido', '2026-03-19 17:57:00', '2026-03-26 07:03:00'),
	(913, 'PA', '326861366', 'Andrea Ospina Restrepo', '1971-09-20', 'Femenino', '3115130100', 'andrea.ospina913@example.test', 'EPS003', 'Palmira', 'Alta', 'Atendido', '2026-03-13 05:59:00', '2026-04-22 00:36:00'),
	(914, 'CC', '1137585363', 'Daniel González Sánchez', '1991-01-18', 'Masculino', '3211749903', 'daniel.gonzalez914@example.test', 'EPS006', 'Cali', 'Media', 'Pendiente', '2026-03-18 00:37:00', '2026-05-09 17:24:00'),
	(915, 'CC', '113317964', 'María Castro Jiménez', '1992-05-23', 'Femenino', '3217503110', 'maria.castro915@example.test', 'EPS006', 'Yumbo', 'Alta', 'Pendiente', '2026-05-16 00:48:00', '2026-05-20 03:16:00'),
	(916, 'CC', '909840559', 'María Torres Jiménez', '1945-12-30', 'Femenino', '3005645802', 'maria.torres916@example.test', 'EPS001', 'Tuluá', 'Media', 'Pendiente', '2026-04-16 15:27:00', '2026-05-26 02:51:00'),
	(917, 'CC', '246504523', 'Carolina Giraldo Vargas', '1993-02-12', 'Femenino', '3053489814', 'carolina.giraldo917@example.test', 'EPS002', 'Buga', 'Media', 'En atención', '2026-06-09 12:56:00', '2026-07-06 23:16:00'),
	(918, 'CC', '554771760', 'Cristian Sebastián Romero López', '1964-02-20', 'Masculino', '3205941672', 'cristian.romero918@example.test', 'EPS009', 'Jamundí', 'Media', 'Atendido', '2026-07-01 19:56:00', '2026-07-10 02:05:00'),
	(919, 'CC', '632521021', 'Luisa Laura Romero Martínez', '1980-09-28', 'Femenino', '3219396882', 'luisa.romero919@example.test', 'EPS002', 'Palmira', 'Media', 'Atendido', '2026-05-13 10:46:00', '2026-05-26 08:27:00'),
	(920, 'CC', '253175551', 'Daniel Martínez Díaz', '2007-12-10', 'Prefiere no informar', '3196330960', 'daniel.martinez920@example.test', 'EPS010', 'Jamundí', 'Media', 'Pendiente', '2026-03-16 20:03:00', '2026-05-23 16:36:00'),
	(921, 'CC', '1175541571', 'David Sánchez González', '1974-11-02', 'Masculino', '3028763837', 'david.sanchez921@example.test', 'EPS004', 'Jamundí', 'Media', 'Atendido', '2026-05-30 02:09:00', '2026-06-27 06:13:00'),
	(922, 'CC', '1117558743', 'Tomás Torres Rodríguez', '1994-02-18', 'Masculino', '3113105994', 'tomas.torres922@example.test', 'EPS004', 'Jamundí', 'Baja', 'Atendido', '2026-04-20 15:56:00', '2026-06-20 22:25:00'),
	(923, 'CC', '19793359', 'Ricardo Quintero Valencia', '2004-03-24', 'Masculino', '3042708025', 'ricardo.quintero923@example.test', 'EPS010', 'Tuluá', 'Media', 'Atendido', '2026-04-30 22:01:00', '2026-06-20 15:14:00'),
	(924, 'CC', '542425877', 'David Álvarez Quintero', '1988-03-20', 'Masculino', '3156421618', 'david.alvarez924@example.test', 'EPS003', 'Tuluá', 'Media', 'Atendido', '2026-05-21 07:48:00', '2026-05-30 23:50:00'),
	(925, 'CC', '876065139', 'Natalia Camila Silva Castro', '1988-10-21', 'Femenino', '3113435158', 'natalia.silva925@example.test', 'EPS005', 'Buga', 'Baja', 'En atención', '2026-04-19 01:56:00', '2026-06-06 22:17:00'),
	(926, 'CC', '544864310', 'Diana Gabriela García Pérez', '1953-07-09', 'Femenino', '3219092897', 'diana.garcia926@example.test', 'EPS010', 'Buga', 'Media', 'Pendiente', '2026-03-29 16:39:00', '2026-07-07 13:21:00'),
	(927, 'CC', '1114526587', 'Nicolás Quintero García', '1983-09-02', 'Masculino', '3179100627', 'nicolas.quintero927@example.test', 'EPS007', 'Yumbo', 'Media', 'Pendiente', '2026-06-22 23:26:00', '2026-07-04 03:32:00'),
	(928, 'CC', '303748780', 'Diana López González', '2000-07-25', 'Femenino', '3203223093', 'diana.lopez928@example.test', 'EPS004', 'Tuluá', 'Media', 'En atención', '2026-06-28 12:52:00', '2026-07-05 09:05:00'),
	(929, 'CC', '845470150', 'Carlos Martínez Moreno', '1980-11-14', 'Masculino', '3139665295', 'carlos.martinez929@example.test', 'EPS004', 'Palmira', 'Media', 'Pendiente', '2026-04-03 07:47:00', '2026-07-02 08:33:00'),
	(930, 'CC', '936902455', 'Natalia Rodríguez Ortiz', '2004-08-13', 'Femenino', '3217465887', 'natalia.rodriguez930@example.test', 'EPS009', 'Palmira', 'Baja', 'Pendiente', '2026-05-28 01:37:00', '2026-06-16 21:41:00'),
	(931, 'CC', '20473733', 'Gabriela Martínez Moreno', '1973-02-09', 'Femenino', '3043980529', 'gabriela.martinez931@example.test', 'EPS005', 'Tuluá', 'Baja', 'Atendido', '2026-05-06 00:39:00', '2026-07-05 14:49:00'),
	(932, 'PA', '617004829', 'Paula Torres Ospina', '1983-04-06', 'Femenino', '3194356059', 'paula.torres932@example.test', 'EPS002', 'Yumbo', 'Baja', 'Atendido', '2026-07-08 13:16:00', '2026-07-09 13:31:00'),
	(933, 'CC', '606235094', 'Juliana García Castaño', '1973-02-20', 'Femenino', '3185133869', 'juliana.garcia933@example.test', 'EPS004', 'Palmira', 'Alta', 'Pendiente', '2026-04-24 23:31:00', '2026-07-09 13:37:00'),
	(934, 'CE', '1158960657', 'Sara Rojas Torres', '1948-12-12', 'Femenino', '3056238277', 'sara.rojas934@example.test', 'EPS005', 'Yumbo', 'Media', 'Pendiente', '2026-06-21 16:21:00', '2026-06-28 20:36:00'),
	(935, 'CC', '549624484', 'María Jiménez Ramírez', '1943-01-08', 'Femenino', '3166760314', 'maria.jimenez935@example.test', 'EPS006', 'Palmira', 'Baja', 'Pendiente', '2026-05-30 23:08:00', '2026-06-12 10:01:00'),
	(936, 'CC', '388381839', 'Carlos Díaz Giraldo', '1978-11-06', 'Masculino', '3009040515', 'carlos.diaz936@example.test', 'EPS005', 'Yumbo', 'Media', 'Pendiente', '2026-05-04 07:22:00', '2026-07-03 06:13:00'),
	(937, 'CC', '748679930', 'Cristian Vargas Jiménez', '1983-11-02', 'Masculino', '3169633698', 'cristian.vargas937@example.test', 'EPS007', 'Palmira', 'Alta', 'Pendiente', '2026-04-14 03:08:00', '2026-05-17 04:49:00'),
	(938, 'CC', '984708339', 'Alejandro Martínez Cárdenas', '1955-05-26', 'Masculino', '3011274544', 'alejandro.martinez938@example.test', 'EPS003', 'Jamundí', 'Media', 'Pendiente', '2026-06-05 13:50:00', '2026-07-04 17:56:00'),
	(939, 'CC', '958128574', 'Jorge Daniel Romero Jiménez', '1956-06-28', 'Masculino', '3199116074', 'jorge.romero939@example.test', 'EPS007', 'Cartago', 'Alta', 'Atendido', '2026-07-10 07:39:00', '2026-07-10 09:29:00'),
	(940, 'TI', '1113887685', 'Alejandro Santiago Rodríguez López', '2015-12-30', 'Masculino', '3191854152', 'alejandro.rodriguez940@example.test', 'EPS007', 'Tuluá', 'Media', 'Atendido', '2026-04-21 10:53:00', '2026-07-05 17:38:00'),
	(941, 'CC', '551242169', 'Jorge Hernández Romero', '1959-02-13', 'Masculino', '3172204681', 'jorge.hernandez941@example.test', 'EPS006', 'Jamundí', 'Media', 'Atendido', '2026-07-10 04:59:00', '2026-07-10 08:29:00'),
	(942, 'CC', '363237738', 'Alejandra Giraldo González', '1974-01-28', 'Femenino', '3152127598', 'alejandra.giraldo942@example.test', 'EPS005', 'Buga', 'Baja', 'Pendiente', '2026-04-14 21:20:00', '2026-05-09 14:04:00'),
	(943, 'CC', '253646926', 'Gabriela Camila González Sánchez', '1995-09-06', 'Femenino', '3107227745', 'gabriela.gonzalez943@example.test', 'EPS002', 'Jamundí', 'Media', 'Pendiente', '2026-05-13 19:13:00', '2026-05-24 09:49:00'),
	(944, 'CC', '368301450', 'Nicolás Martínez Silva', '1967-09-06', 'Masculino', '3046364516', 'nicolas.martinez944@example.test', 'EPS006', 'Cali', 'Media', 'Atendido', '2026-04-18 07:47:00', '2026-04-19 21:17:00'),
	(945, 'CC', '688189587', 'Cristian Castro Ramírez', '1979-12-02', 'Masculino', '3007361721', 'cristian.castro945@example.test', 'EPS005', 'Cartago', 'Media', 'Atendido', '2026-03-24 03:15:00', '2026-06-28 23:45:00'),
	(946, 'CC', '589590619', 'Daniela Isabella Castaño Martínez', '1948-04-03', 'Femenino', '3211332777', 'daniela.castano946@example.test', 'EPS005', 'Buga', 'Alta', 'Atendido', '2026-06-23 14:00:00', '2026-06-24 21:12:00'),
	(947, 'TI', '796633948', 'Andrés Silva García', '2014-04-18', 'Masculino', '3104277293', 'andres.silva947@example.test', 'EPS010', 'Buga', 'Alta', 'En atención', '2026-07-09 01:22:00', '2026-07-09 01:26:00'),
	(948, 'CC', '638136318', 'Miguel Nicolás Ramírez Silva', '1995-01-04', 'Masculino', '3186912601', 'miguel.ramirez948@example.test', 'EPS009', 'Jamundí', 'Media', 'Pendiente', '2026-06-13 23:02:00', '2026-07-02 11:46:00'),
	(949, 'CC', '483755964', 'Diana Mendoza Giraldo', '1959-03-06', 'Femenino', '3176549410', 'diana.mendoza949@example.test', 'EPS008', 'Buga', 'Media', 'Atendido', '2026-03-20 12:24:00', '2026-06-10 16:06:00'),
	(950, 'CC', '625808292', 'Mateo Valencia Hernández', '2003-01-23', 'Prefiere no informar', '3142093238', 'mateo.valencia950@example.test', 'EPS005', 'Jamundí', 'Media', 'Atendido', '2026-04-03 13:44:00', '2026-04-28 04:06:00'),
	(951, 'CC', '525447076', 'Cristian Valencia Ruiz', '1990-12-25', 'Masculino', '3193315589', 'cristian.valencia951@example.test', 'EPS004', 'Tuluá', 'Baja', 'En atención', '2026-04-13 06:45:00', '2026-06-09 15:05:00'),
	(952, 'CC', '959932504', 'Mateo Rojas González', '1950-12-20', 'Masculino', '3154591871', 'mateo.rojas952@example.test', 'EPS008', 'Buga', 'Media', 'En atención', '2026-03-17 15:32:00', '2026-06-02 08:08:00'),
	(953, 'TI', '520926326', 'Natalia González Rodríguez', '2013-09-04', 'Femenino', '3155946802', 'natalia.gonzalez953@example.test', 'EPS002', 'Cartago', 'Baja', 'Atendido', '2026-06-19 15:48:00', '2026-06-25 22:27:00'),
	(954, 'CC', '919431824', 'Felipe Romero Jiménez', '1999-05-06', 'Masculino', '3135256608', 'felipe.romero954@example.test', 'EPS002', 'Cali', 'Baja', 'Atendido', '2026-04-27 05:58:00', '2026-05-24 06:57:00'),
	(955, 'CC', '1153093216', 'Juliana Sánchez Romero', '1961-09-11', 'Femenino', '3112829569', 'juliana.sanchez955@example.test', 'EPS009', 'Yumbo', 'Baja', 'Atendido', '2026-04-07 07:01:00', '2026-07-07 20:30:00'),
	(956, 'CC', '589082931', 'Luisa Laura Restrepo Pérez', '1955-03-08', 'Femenino', '3007595946', 'luisa.restrepo956@example.test', 'EPS001', 'Buga', 'Baja', 'Pendiente', '2026-06-24 18:25:00', '2026-06-25 04:50:00'),
	(957, 'TI', '957052823', 'Alejandro Moreno Restrepo', '2023-12-27', 'Masculino', '3201630950', 'alejandro.moreno957@example.test', 'EPS005', 'Palmira', 'Baja', 'Atendido', '2026-06-25 10:07:00', '2026-07-06 18:39:00'),
	(958, 'CC', '1004129787', 'Andrea Ana González Sánchez', '1964-04-03', 'Femenino', '3187737985', 'andrea.gonzalez958@example.test', 'EPS003', 'Tuluá', 'Media', 'Pendiente', '2026-06-08 21:10:00', '2026-06-26 18:01:00'),
	(959, 'CC', '926632783', 'Daniela Ortiz González', '2006-03-26', 'Femenino', '3138941255', 'daniela.ortiz959@example.test', 'EPS005', 'Buga', 'Baja', 'En atención', '2026-04-21 18:36:00', '2026-06-09 18:54:00'),
	(960, 'CC', '561266228', 'Andrés Rojas Quintero', '1986-03-17', 'Masculino', '3011127483', 'andres.rojas960@example.test', 'EPS006', 'Yumbo', 'Alta', 'Atendido', '2026-04-13 11:39:00', '2026-06-22 14:56:00'),
	(961, 'CC', '1037077947', 'Daniela Ruiz Martínez', '1956-09-13', 'Femenino', '3229683241', 'daniela.ruiz961@example.test', 'EPS003', 'Yumbo', 'Media', 'Pendiente', '2026-05-13 18:41:00', '2026-06-23 07:20:00'),
	(962, 'TI', '582379910', 'Sofía Jiménez Pérez', '2014-12-07', 'Femenino', '3146453474', 'sofia.jimenez962@example.test', 'EPS001', 'Cartago', 'Media', 'En atención', '2026-06-12 18:28:00', '2026-06-23 12:29:00'),
	(963, 'CC', '608971837', 'Catalina Muñoz Martínez', '1959-11-25', 'Femenino', '3188010484', 'catalina.munoz963@example.test', 'EPS007', 'Yumbo', 'Baja', 'En atención', '2026-05-06 05:40:00', '2026-07-09 22:06:00'),
	(964, 'CC', '639696289', 'Alejandro Julián Silva Cárdenas', '1973-08-12', 'Masculino', '3127396038', 'alejandro.silva964@example.test', 'EPS007', 'Palmira', 'Media', 'Pendiente', '2026-05-07 17:29:00', '2026-06-22 11:17:00'),
	(965, 'CC', '749434588', 'Gabriela Laura Martínez Cárdenas', '1987-10-08', 'Femenino', '3155332722', 'gabriela.martinez965@example.test', 'EPS008', 'Palmira', 'Baja', 'En atención', '2026-04-02 05:16:00', '2026-07-05 22:03:00'),
	(966, 'CC', '197227706', 'Felipe Torres Ramírez', '1983-07-25', 'Masculino', '3123133314', 'felipe.torres966@example.test', 'EPS010', 'Jamundí', 'Media', 'Atendido', '2026-04-23 05:45:00', '2026-07-06 09:23:00'),
	(967, 'CC', '637455665', 'Diana Paula Ramírez Ospina', '1973-11-15', 'Femenino', '3116378352', 'diana.ramirez967@example.test', 'EPS007', 'Palmira', 'Alta', 'En atención', '2026-05-03 17:49:00', '2026-05-11 21:32:00'),
	(968, 'CC', '798007770', 'David Mateo Álvarez Quintero', '1957-10-02', 'Masculino', '3185144069', 'david.alvarez968@example.test', 'EPS006', 'Buga', 'Alta', 'Pendiente', '2026-04-26 16:12:00', '2026-05-16 01:44:00'),
	(969, 'TI', '290907904', 'Felipe Daniel Hernández Martínez', '2016-05-27', 'Masculino', '3109681307', 'felipe.hernandez969@example.test', 'EPS003', 'Tuluá', 'Media', 'Pendiente', '2026-06-28 00:25:00', '2026-07-09 05:53:00'),
	(970, 'CC', '361637830', 'Esteban Muñoz Hernández', '1969-03-27', 'Masculino', '3179629829', 'esteban.munoz970@example.test', 'EPS009', 'Jamundí', 'Media', 'Atendido', '2026-06-16 05:11:00', '2026-06-29 08:54:00'),
	(971, 'CC', '283618535', 'Nicolás Ricardo Cárdenas Pérez', '1982-02-27', 'Masculino', '3058798900', 'nicolas.cardenas971@example.test', 'EPS002', 'Tuluá', 'Media', 'En atención', '2026-05-06 15:00:00', '2026-07-04 14:55:00'),
	(972, 'CC', '183598792', 'Luisa González Moreno', '1985-03-08', 'Femenino', '3152336012', 'luisa.gonzalez972@example.test', 'EPS004', 'Tuluá', 'Media', 'En atención', '2026-03-11 14:51:00', '2026-04-16 01:20:00'),
	(973, 'CC', '397389824', 'Isabella Camila Rodríguez González', '1970-03-27', 'Femenino', '3108859150', 'isabella.rodriguez973@example.test', 'EPS010', 'Cartago', 'Media', 'Pendiente', '2026-05-01 21:01:00', '2026-07-06 04:22:00'),
	(974, 'CC', '607004128', 'Cristian Restrepo Álvarez', '1955-10-18', 'Masculino', '3224066622', 'cristian.restrepo974@example.test', 'EPS008', 'Palmira', 'Baja', 'Pendiente', '2026-06-25 22:33:00', '2026-07-05 18:52:00'),
	(975, 'CC', '225708487', 'Laura Álvarez Silva', '1960-07-31', 'Femenino', '3128086047', 'laura.alvarez975@example.test', 'EPS001', 'Jamundí', 'Baja', 'Atendido', '2026-05-03 15:58:00', '2026-06-06 14:08:00'),
	(976, 'TI', '1041148593', 'Carlos Giraldo Torres', '2010-06-01', 'Masculino', '3109511409', 'carlos.giraldo976@example.test', 'EPS006', 'Jamundí', 'Baja', 'Atendido', '2026-05-20 18:30:00', '2026-05-25 07:01:00'),
	(977, 'CC', '1087345327', 'Isabella Álvarez Hernández', '2004-09-05', 'Femenino', '3001306545', 'isabella.alvarez977@example.test', 'EPS005', 'Palmira', 'Media', 'Atendido', '2026-03-31 02:42:00', '2026-04-04 06:25:00'),
	(978, 'CC', '266155281', 'Natalia Castaño Valencia', '1986-08-28', 'Femenino', '3188576185', 'natalia.castano978@example.test', 'EPS005', 'Palmira', 'Baja', 'Atendido', '2026-06-20 06:07:00', '2026-06-21 14:52:00'),
	(979, 'CC', '580175703', 'Isabella Vargas Sánchez', '1972-08-05', 'Femenino', '3105910871', 'isabella.vargas979@example.test', 'EPS002', 'Cartago', 'Alta', 'Atendido', '2026-04-21 17:08:00', '2026-07-04 05:01:00'),
	(980, 'TI', '1037554106', 'Miguel Torres Pérez', '2015-01-28', 'Masculino', '3029147569', 'miguel.torres980@example.test', 'EPS006', 'Buga', 'Baja', 'Atendido', '2026-04-20 15:50:00', '2026-05-24 20:33:00'),
	(981, 'CC', '856716650', 'Manuela Valencia García', '1970-10-11', 'Femenino', '3179579827', 'manuela.valencia981@example.test', 'EPS001', 'Jamundí', 'Baja', 'Pendiente', '2026-07-02 02:57:00', '2026-07-06 02:31:00'),
	(982, 'TI', '790712673', 'Felipe Ortiz Rodríguez', '2013-03-30', 'Masculino', '3046753368', 'felipe.ortiz982@example.test', 'EPS010', 'Cali', 'Baja', 'Atendido', '2026-06-20 11:18:00', '2026-06-26 17:21:00'),
	(983, 'CC', '726680439', 'Natalia Castaño Ruiz', '1999-01-08', 'Femenino', '3139714284', 'natalia.castano983@example.test', 'EPS007', 'Tuluá', 'Baja', 'Atendido', '2026-06-28 13:08:00', '2026-06-28 15:29:00'),
	(984, 'CC', '863414822', 'Alejandra Ortiz Pérez', '1982-03-17', 'Femenino', '3226686176', 'alejandra.ortiz984@example.test', 'EPS008', 'Yumbo', 'Baja', 'Atendido', '2026-03-16 09:42:00', '2026-07-04 15:08:00'),
	(985, 'CC', '401913008', 'Juliana Andrea López Torres', '1985-07-21', 'Femenino', '3206793356', 'juliana.lopez985@example.test', 'EPS002', 'Cali', 'Baja', 'Pendiente', '2026-04-14 15:15:00', '2026-04-15 03:04:00'),
	(986, 'CC', '886214945', 'José Jiménez González', '1961-01-02', 'Masculino', '3055850976', 'jose.jimenez986@example.test', 'EPS008', 'Yumbo', 'Alta', 'Pendiente', '2026-03-11 19:46:00', '2026-04-12 04:04:00'),
	(987, 'CC', '697101426', 'Sofía Ruiz Ramírez', '1985-05-05', 'Femenino', '3226416528', 'sofia.ruiz987@example.test', 'EPS005', 'Cartago', 'Media', 'Pendiente', '2026-06-02 06:13:00', '2026-06-26 18:48:00'),
	(988, 'CC', '1008096522', 'Tomás Sebastián Mendoza Castaño', '1985-04-01', 'Masculino', '3221300538', 'tomas.mendoza988@example.test', 'EPS010', 'Cartago', 'Media', 'Atendido', '2026-05-01 13:57:00', '2026-06-10 21:13:00'),
	(989, 'CC', '762386613', 'David Daniel Martínez Díaz', '1985-04-09', 'Masculino', '3227745172', 'david.martinez989@example.test', 'EPS009', 'Cali', 'Baja', 'Atendido', '2026-06-15 10:27:00', '2026-06-19 22:53:00'),
	(990, 'CC', '352593563', 'Jorge Álvarez García', '1986-05-11', 'Masculino', '3227237827', 'jorge.alvarez990@example.test', 'EPS006', 'Cartago', 'Baja', 'En atención', '2026-05-10 08:38:00', '2026-06-23 05:29:00'),
	(991, 'CC', '17104877', 'Nicolás Rodríguez Cárdenas', '1989-02-09', 'Masculino', '3105219902', 'nicolas.rodriguez991@example.test', 'EPS005', 'Jamundí', 'Alta', 'Pendiente', '2026-05-22 20:09:00', '2026-06-06 13:48:00'),
	(992, 'CC', '1080531485', 'Daniel Díaz Rojas', '1997-03-10', 'Masculino', '3217584034', 'daniel.diaz992@example.test', 'EPS009', 'Yumbo', 'Media', 'Atendido', '2026-06-20 14:54:00', '2026-06-25 13:34:00'),
	(993, 'CC', '881112476', 'Carolina Quintero Moreno', '1993-02-04', 'Femenino', '3172749536', 'carolina.quintero993@example.test', 'EPS008', 'Cartago', 'Media', 'Pendiente', '2026-05-21 12:54:00', '2026-05-29 05:38:00'),
	(994, 'CC', '796522997', 'Ana Rojas Rodríguez', '1999-02-26', 'Femenino', '3136843002', 'ana.rojas994@example.test', 'EPS003', 'Jamundí', 'Alta', 'Atendido', '2026-05-17 20:02:00', '2026-06-04 23:36:00'),
	(995, 'CC', '916247359', 'Andrea Rojas Ramírez', '1999-06-08', 'Femenino', '3146339778', 'andrea.rojas995@example.test', 'EPS010', 'Yumbo', 'Alta', 'Atendido', '2026-03-15 20:07:00', '2026-06-24 00:36:00'),
	(996, 'CC', '958568702', 'Daniel Castro Ramírez', '2000-10-14', 'Masculino', '3009736202', 'daniel.castro996@example.test', 'EPS007', 'Tuluá', 'Media', 'Atendido', '2026-04-16 02:10:00', '2026-06-13 07:45:00'),
	(997, 'CC', '64585384', 'Natalia Rodríguez Pérez', '2000-04-22', 'Femenino', '3168729385', 'natalia.rodriguez997@example.test', 'EPS002', 'Cali', 'Media', 'Pendiente', '2026-04-25 18:43:00', '2026-05-09 19:30:00'),
	(998, 'CE', '202313029', 'Luisa Sánchez Mendoza', '1992-01-11', 'Femenino', '3183132359', 'luisa.sanchez998@example.test', 'EPS009', 'Palmira', 'Baja', 'Atendido', '2026-05-04 01:26:00', '2026-06-30 00:37:00'),
	(999, 'CC', '474661514', 'Alejandra Carolina Castaño Ramírez', '1985-02-03', 'Femenino', '3124494967', 'alejandra.castano999@example.test', 'EPS005', 'Cartago', 'Media', 'Pendiente', '2026-05-16 00:40:00', '2026-06-01 18:36:00'),
	(1000, 'CC', '1075859749', 'Julián Álvarez Pérez', '1950-10-02', 'Masculino', '3223896894', 'julian.alvarez1000@example.test', 'EPS002', 'Palmira', 'Media', 'Pendiente', '2026-04-13 19:44:00', '2026-04-30 09:34:00');
/*!40000 ALTER TABLE `pacientes` ENABLE KEYS */;

-- Volcando estructura para tabla goecosystem.prioridades
CREATE TABLE IF NOT EXISTS `prioridades` (
  `nombre` varchar(10) NOT NULL,
  `nivel` tinyint(3) unsigned NOT NULL,
  `activo` tinyint(1) NOT NULL DEFAULT 1,
  PRIMARY KEY (`nombre`),
  UNIQUE KEY `uq_prioridades_nivel` (`nivel`),
  CONSTRAINT `chk_prioridades_nivel` CHECK (`nivel` between 1 and 3)
) ENGINE=InnoDB DEFAULT CHARSET=utf8mb3;

-- Volcando datos para la tabla goecosystem.prioridades: ~3 rows (aproximadamente)
/*!40000 ALTER TABLE `prioridades` DISABLE KEYS */;
INSERT INTO `prioridades` (`nombre`, `nivel`, `activo`) VALUES
	('Alta', 1, 1),
	('Baja', 3, 1),
	('Media', 2, 1);
/*!40000 ALTER TABLE `prioridades` ENABLE KEYS */;

-- Volcando estructura para tabla goecosystem.tipos_documento
CREATE TABLE IF NOT EXISTS `tipos_documento` (
  `codigo` varchar(3) NOT NULL,
  `nombre` varchar(50) NOT NULL,
  `activo` tinyint(1) NOT NULL DEFAULT 1,
  PRIMARY KEY (`codigo`),
  UNIQUE KEY `uq_tipos_documento_nombre` (`nombre`)
) ENGINE=InnoDB DEFAULT CHARSET=utf8mb3;

-- Volcando datos para la tabla goecosystem.tipos_documento: ~4 rows (aproximadamente)
/*!40000 ALTER TABLE `tipos_documento` DISABLE KEYS */;
INSERT INTO `tipos_documento` (`codigo`, `nombre`, `activo`) VALUES
	('CC', 'Cédula de ciudadanía', 1),
	('CE', 'Cédula de extranjería', 1),
	('PA', 'Pasaporte', 1),
	('TI', 'Tarjeta de identidad', 1);
/*!40000 ALTER TABLE `tipos_documento` ENABLE KEYS */;

-- Volcando estructura para tabla goecosystem.usuarios
CREATE TABLE IF NOT EXISTS `usuarios` (
  `usuario_id` bigint(20) unsigned NOT NULL AUTO_INCREMENT,
  `usuario` varchar(50) NOT NULL,
  `nombre` varchar(100) NOT NULL,
  `rol` varchar(20) NOT NULL,
  `activo` tinyint(1) NOT NULL DEFAULT 1,
  `password_demo` varchar(100) NOT NULL,
  PRIMARY KEY (`usuario_id`),
  UNIQUE KEY `uq_usuarios_usuario` (`usuario`),
  CONSTRAINT `chk_usuarios_rol` CHECK (`rol` in ('ADMIN','OPERADOR')),
  CONSTRAINT `chk_usuarios_usuario` CHECK (char_length(trim(`usuario`)) between 3 and 50),
  CONSTRAINT `chk_usuarios_nombre` CHECK (char_length(trim(`nombre`)) between 3 and 100)
) ENGINE=InnoDB AUTO_INCREMENT=3 DEFAULT CHARSET=utf8mb3;

-- Volcando datos para la tabla goecosystem.usuarios: ~2 rows (aproximadamente)
/*!40000 ALTER TABLE `usuarios` DISABLE KEYS */;
INSERT INTO `usuarios` (`usuario_id`, `usuario`, `nombre`, `rol`, `activo`, `password_demo`) VALUES
	(1, 'admin.demo', 'Administrador Demo', 'ADMIN', 1, 'Demo2026*'),
	(2, 'operador.demo', 'Operador Demo', 'OPERADOR', 1, 'Demo2026*');
/*!40000 ALTER TABLE `usuarios` ENABLE KEYS */;

/*!40101 SET SQL_MODE=IFNULL(@OLD_SQL_MODE, '') */;
/*!40014 SET FOREIGN_KEY_CHECKS=IFNULL(@OLD_FOREIGN_KEY_CHECKS, 1) */;
/*!40101 SET CHARACTER_SET_CLIENT=@OLD_CHARACTER_SET_CLIENT */;
/*!40111 SET SQL_NOTES=IFNULL(@OLD_SQL_NOTES, 1) */;
